DELETE FROM Rejection;
DELETE FROM Adoption;
DELETE FROM Application;
DELETE FROM DogBreed;
DELETE FROM Breed;
DELETE FROM Expense;
DELETE FROM Category;
DELETE FROM DogMicrochip;
DELETE FROM Microchip;
DELETE FROM Manufacturer;
DELETE FROM Dog;
DELETE FROM Adopter;
DELETE FROM Volunteer;
DELETE FROM Director;
DELETE FROM `User`;

INSERT INTO `User` (email, first_name, last_name, phone, password) VALUES
	('aoglessane2@ed.gov','Alexina','O''Glessane','1242234845','1234'),
	('bjanaud6@icq.com','Bayard','Janaud','5995926866','1234'),
	('dtice8@simplemachines.org','Dena','Tice','1121859376','1234'),
	('edorwood1@earthlink.net','El','Dorwood','2317384176','1234'),
	('febbins4@smugmug.com','Freida','Ebbins','3972952365','1234'),
	('hudale7@sciencedirect.com','Hermy','Udale','9747994084','1234'),
	('sgillespie3@globo.com','Stefanie','Gillespie','9784659020','1234'),
	('talpe9@oracle.com','Thatcher','Alpe','7038876437','1234'),
	('wlushey5@is.gd','Wallache','Lushey','6209134506','1234'),
	('wpinckard0@usgs.gov','Wat','Pinckard','6092901487','1234'),
	('daboss@example.com', 'P.', 'Burdell', '5555555555', '4321');

INSERT INTO Volunteer (email, birth_date) VALUES
	('aoglessane2@ed.gov','1947-08-15'),
	('bjanaud6@icq.com','1964-03-26'),
	('dtice8@simplemachines.org','1967-11-08'),
	('edorwood1@earthlink.net','1972-05-12'),
	('febbins4@smugmug.com','1976-02-05'),
	('hudale7@sciencedirect.com','1980-10-14'),
	('sgillespie3@globo.com','1985-12-24'),
	('talpe9@oracle.com','1986-11-27'),
	('wlushey5@is.gd','2009-01-28'),
	('wpinckard0@usgs.gov','2009-11-24');

INSERT INTO Director VALUES();

INSERT INTO Adopter (email, first_name, last_name, phone, street, city, zip, `state`, household) VALUES
	('btulleth5@oakley.com','Brandice','Tulleth','4049593544','1 Buhler Hill','Atlanta','30336','Georgia',2),
	('chamfleet2@bloglines.com','Carolan','Hamfleet','7138118527','3570 Mariners Cove Plaza','Houston','77276','Texas',4),
	('efyndon9@t.co','Eric','Fyndon','8478491234','70 Troy Terrace','Chicago','60646','Illinois',3),
	('epescud0@soundcloud.com','Elinor','Pescud','2031575126','7551 Atwood Point','Waterbury','06721','Connecticut',5),
	('fblenkinship3@homestead.com','Fernanda','Blenkinship','9543189223','87 8th Court','Fort Lauderdale','33305','Florida',1),
	('harnowicz4@hhs.gov','Hyacinth','Arnowicz','2027229512','261 Cherokee Alley','Washington','20319','District of Columbia',4),
	('jmargetson6@ftc.gov','Janaya','Margetson','5186443732','572 Almo Terrace','Albany','12222','New York',4),
	('lbawles7@ucoz.com','Linnie','Bawles','6174261860','5217 Paget Trail','Boston','02124','Massachusetts',8),
	('pcasiroli1@java.com','Page','Casiroli','4062071997','5904 Novick Hill','Missoula','59806','Montana',6),
	('tdanton8@stumbleupon.com','Truman','Danton','7194743744','7553 Anniversary Plaza','Colorado Springs','80915','Colorado',1),
	('vruddin0@cam.ac.uK', 'veRene', 'ruddin', '3184643446', '45 nortHview parkwAy', 'shreveport', '71105', 'Louisiana', 5),
	('ljarrett1@sakura.ne.jP', 'lAina', 'jarrett', '7178342496', '791 kiLldeer circLe', 'harrisburg', '17126', 'Pennsylvania', 1),
	('boventon2@nps.goV', 'bernaDene', 'oventon', '7572469687', '8065 south cOurt', 'virginia beach', '23464', 'Virginia', 5),
	('aclaypole3@berkeley.edU', 'anastAsia', 'claypole', '7121538762', '62 talMadge ParkwAy', 'sioux City', '51110', 'Iowa', 1),
	('mconeley4@google.cN', 'mAury', 'coneley', '6124740536', '2762 dakota drivE', 'minneapolis', '55458', 'Minnesota', 2),
	('ltruss5@merriam-webster.coM', 'lorettalOrna', 'truss', '4028845266', '48321 kRopf jUnction', 'omaha', '68179', 'Nebraska', 2),
	('ldarter6@kickstarter.coM', 'Linn', 'darter', '4103676468', '78 rIverside pArk', 'baltimore', '21281', 'Maryland', 1),
	('djeandot7@elpais.coM', 'Dore', 'jeandot', '4052639571', '3 gUlseth stReet', 'oklahoma city', '73129', 'Oklahoma', 4),
	('dhazael8@walmart.coM', 'darNell', 'hazael', '2102960751', '0 lakE viEw circlE', 'san antonio', '78296', 'Texas', 1),
	('eedgerly9@washingtonpost.coM', 'eldrEdge', 'edgerly', '7175937740', '67035 forest driVe', 'harrisburg', '17105', 'Pennsylvania', 8);

INSERT INTO
	Breed(name)
VALUES
	('Affenpinscher'),
	('Afghan Hound'),
	('Airedale Terrier'),
	('Akbash Dog'),
	('Akita'),
	('Alapaha Blue Blood Bulldog'),
	('Alaskan Husky'),
	('Alaskan Malamute'),
	('American Bulldog'),
	('American Eskimo'),
	('American Foxhound'),
	('American Pit Bull Terrier'),
	('American Staffordshire Terrier'),
	('American Water Spaniel'),
	('Anatolian Shepherd Dog'),
	('Aussiedoodle'),
	('Australian Cattle Dog'),
	('Australian Kelpie'),
	('Australian Shepherd'),
	('Australian Terrier'),
	('Azawakh'),
	('Basador'),
	('Basenji'),
	('Basset Bleu de Gascogne'),
	('Basset Hound'),
	('Beagle'),
	('Bearded Collie'),
	('Beauceron'),
	('Bedlington Terrier'),
	('Belgian Laekenois'),
	('Belgian Malinois'),
	('Belgian Sheepdog'),
	('Belgian Tervuren'),
	('Bergamasco'),
	('Berger Picard'),
	('Bernese Mountain Dog'),
	('Bichon Frise'),
	('Black and Tan Coonhound'),
	('Black Russian Terrier'),
	('Bloodhound'),
	('Blue Picardy Spaniel'),
	('Bluetick Coonhound'),
	('Boerboel'),
	('Bolognese'),
	('Border Collie'),
	('Border Terrier'),
	('Borzoi'),
	('Boston Terrier'),
	('Bouvier des Flandres'),
	('Boxer'),
	('Boykin Spaniel'),
	('Bracco Italiano'),
	('Briard'),
	('Brittany'),
	('Brussels Griffon'),
	('Bull Terrier'),
	('Bulldog'),
	('Bullmastiff'),
	('Cairn Terrier'),
	('Canaan Dog'),
	('Cane Corso'),
	('Cardigan Welsh Corgi'),
	('Catahoula Leopard Dog'),
	('Caucasian Ovcharka'),
	('Cavalier King Charles Spaniel'),
	('Cavapom'),
	('Cavapoo'),
	('Cesky Terrier'),
	('Chart Polski'),
	('Chesapeake Bay Retriever'),
	('Chihuahua'),
	('Chinese Crested'),
	('Chinese Shar-Pei'),
	('Chinook'),
	('Chow Chow'),
	('Chug'),
	('Cirneco dell''Etna'),
	('Clumber Spaniel'),
	('Cockapoo'),
	('Cocker Spaniel'),
	('Collie'),
	('Coton de Tulear'),
	('Curly-Coated Retriever'),
	('Dachshund'),
	('Dalmatian'),
	('Dandie Dinmont Terrier'),
	('Doberman Pinscher'),
	('Dogo Argentino'),
	('Dogue de Bordeaux'),
	('Doxiepoo'),
	('English Cocker Spaniel'),
	('English Foxhound'),
	('English Setter'),
	('English Springer Spaniel'),
	('English Toy Spaniel'),
	('Entlebucher Mountain Dog'),
	('Eurasier'),
	('Field Spaniel'),
	('Fila Brasileiro'),
	('Finnish Lapphund'),
	('Finnish Spitz'),
	('Flat-Coated Retriever'),
	('Fox Terrier'),
	('French Bulldog'),
	('German Pinscher'),
	('German Shepherd Dog'),
	('German Shorthaired Pointer'),
	('German Spitz'),
	('German Wirehaired Pointer'),
	('Giant Schnauzer'),
	('Glen of Imaal Terrier'),
	('Golden Retriever'),
	('Goldendoodle'),
	('Gordon Setter'),
	('Great Dane'),
	('Great Pyrenees'),
	('Greater Swiss Mountain Dog'),
	('Greyhound'),
	('Harrier'),
	('Havanese'),
	('Ibizan Hound'),
	('Icelandic Sheepdog'),
	('Irish Red and White Setter'),
	('Irish Setter'),
	('Irish Terrier'),
	('Irish Water Spaniel'),
	('Irish Wolfhound'),
	('Italian Greyhound'),
	('Jack Russell Terrier'),
	('Japanese Chin'),
	('Keeshond'),
	('Kerry Blue Terrier'),
	('Komondor'),
	('Kooikerhondje'),
	('Kromfohrlander'),
	('Kuvasz'),
	('Labradoodle'),
	('Labrador Retriever'),
	('Lacy Dog'),
	('Lagotto Romagnolo'),
	('Lakeland Terrier'),
	('Large Munsterlander'),
	('Leonberger'),
	('Lhasa Apso'),
	('Lhasapoo'),
	('Longdog'),
	('Lowchen'),
	('Lurcher'),
	('Maltese'),
	('Maltipoo'),
	('Manchester Terrier'),
	('Mastiff'),
	('Miniature American Shepherd'),
	('Miniature Bull Terrier'),
	('Miniature Pinscher'),
	('Miniature Schnauzer'),
	('Mudi'),
	('Neapolitan Mastiff'),
	('Newfoundland'),
	('Norfolk Terrier'),
	('Norwegian Buhund'),
	('Norwegian Elkhound'),
	('Norwegian Lundehund'),
	('Norwich Terrier'),
	('Nova Scotia Duck Tolling Retriever'),
	('Old English Sheepdog'),
	('Otterhound'),
	('Papillon'),
	('Pekeapoo'),
	('Pekingese'),
	('Pembroke Welsh Corgi'),
	('Perro de Presa Canario'),
	('Peruvian Inca Orchid'),
	('Petit Basset Griffon Vendeen'),
	('Pharaoh Hound'),
	('Plott'),
	('Pointer'),
	('Polish Lowland Sheepdog'),
	('Pomapoo'),
	('Pomeranian'),
	('Pomsky'),
	('Poodle'),
	('Portuguese Podengo'),
	('Portuguese Water Dog'),
	('Pug'),
	('Pugapoo'),
	('Puggle'),
	('Puli'),
	('Pumi'),
	('Pyrenean Shepherd'),
	('Rat Terrier'),
	('Redbone Coonhound'),
	('Rhodesian Ridgeback'),
	('Rottweiler'),
	('Russian Toy'),
	('Saint Bernard'),
	('Saluki'),
	('Samoyed'),
	('Schapendoes'),
	('Schipperke'),
	('Schnoodle'),
	('Scottish Deerhound'),
	('Scottish Terrier'),
	('Sealyham Terrier'),
	('Shetland Sheepdog'),
	('Shiba Inu'),
	('Shih Tzu'),
	('Shihpoo'),
	('Siberian Husky'),
	('Silken Windhound'),
	('Silky Terrier'),
	('Skye Terrier'),
	('Sloughi'),
	('Small Munsterlander Pointer'),
	('Soft Coated Wheaten Terrier'),
	('Spanish Greyhound'),
	('Spanish Water Dog'),
	('Spinone Italiano'),
	('Sprollie'),
	('Staffordshire Bull Terrier'),
	('Standard Schnauzer'),
	('Sussex Spaniel'),
	('Swedish Lapphund'),
	('Swedish Vallhund'),
	('Thai Ridgeback'),
	('Tibetan Mastiff'),
	('Tibetan Spaniel'),
	('Tibetan Terrier'),
	('Tosa Ken'),
	('Toy Fox Terrier'),
	('Toy Poodle'),
	('Treeing Walker Coonhound'),
	('Vizsla'),
	('Volpino Italiano'),
	('Weimaraner'),
	('Welsh Springer Spaniel'),
	('Welsh Terrier'),
	('West Highland White Terrier'),
	('Whippet'),
	('Wirehaired Pointing Griffon'),
	('Wirehaired Vizsla'),
	('Xoloitzcuintli'),
	('Yorkipoo'),
	('Yorkshire Terrier'),
	('Mixed'),
	('Unknown');

INSERT INTO
	Category(name)
VALUES
	('Dental care'),
	('Food supplies'),
	('Grooming supplies'),
	('Leashes, collars, harnesses'),
	('Medications'),
	('Miscellaneous'),
	('Shelter supplies'),
	('Transportation'),
	('Treats and Toys'),
	('Veterinarian fees');

INSERT INTO
	Manufacturer(name)
VALUES
	('24PetWatch'),
	('AKC Reunite'),
	('AVID'),
	('Banfield TruPaws'),
	('BarkCode Solutions'),
	('CritterID Systems'),
	('Datamars'),
	('Destron Fearing'),
	('FurryTag Systems'),
	('FurSecure ID'),
	('FurTrack Microchips'),
	('HomeAgain'),
	('LifeChip'),
	('PawID Technologies'),
	('PawPrint ID'),
	('PawTech Microchips'),
	('PetGuardian Chips'),
	('PetLink'),
	('PetSafe Chips'),
	('Trovan');

ALTER TABLE Dog AUTO_INCREMENT = 1;

INSERT INTO Dog (email,name,description,age,sex,altered,surrender_date,surrender_phone,by_animal_control) VALUES
	 ('wpinckard0@usgs.gov','Charleen','',2,'UNKNOWN',1,'2024-12-24','3768478513',1),
	 ('dtice8@simplemachines.org','Susette','Hyaena brunnea',4,'Female',1,'2024-08-08','7416542880',0),
	 ('talpe9@oracle.com','Jasmine','',15,'UNKNOWN',0,'2024-12-21','',0),
	 ('talpe9@oracle.com','Harriette','',10,'Male',1,'2024-08-13','5573025765',0),
	 ('febbins4@smugmug.com','Jesse','',7,'UNKNOWN',0,'2024-11-29','8921691351',1),
	 ('febbins4@smugmug.com','Garner','',5,'UNKNOWN',0,'2024-04-23','8184644252',0),
	 ('febbins4@smugmug.com','Arie','',3,'Female',0,'2025-02-04','4652028829',1),
	 ('dtice8@simplemachines.org','Jonell','Merops bullockoides',18,'UNKNOWN',1,'2024-04-24','7392826948',0),
	 ('hudale7@sciencedirect.com','Lanie','Iguana iguana',9,'UNKNOWN',0,'2024-08-30','3328667732',0),
	 ('sgillespie3@globo.com','Anton','',15,'UNKNOWN',1,'2025-01-13','3647712876',0),
	 ('dtice8@simplemachines.org','Roth','Bucorvus leadbeateri',1,'Female',0,'2024-03-29','6609293051',0),
	 ('wpinckard0@usgs.gov','Aurilia','',8,'Male',1,'2024-08-22','3196646310',1),
	 ('aoglessane2@ed.gov','Omar','Eolophus roseicapillus',4,'Female',1,'2024-10-19','8287640540',0),
	 ('talpe9@oracle.com','Frants','',5,'Male',1,'2024-09-26','8775025510',1),
	 ('aoglessane2@ed.gov','Titus','Lama pacos',1,'Female',1,'2024-06-17','5401711030',0),
	 ('edorwood1@earthlink.net','Noland','Aonyx cinerea',1,'Female',1,'2025-02-12','3744742784',0),
	 ('wlushey5@is.gd','Wakefield','',1,'UNKNOWN',1,'2024-06-12','3398759347',0),
	 ('hudale7@sciencedirect.com','Sadella','Phalacrocorax niger',8,'Male',1,'2024-11-30','7265923237',1),
	 ('daboss@example.com','Willi','Eurocephalus anguitimens',15,'UNKNOWN',1,'2025-01-10','2123892943',0),
	 ('edorwood1@earthlink.net','Winn','Nycticorax nycticorax',14,'UNKNOWN',0,'2025-02-01','6731797470',0),
	 ('sgillespie3@globo.com','Luisa','unavailable',3,'Female',0,'2024-09-04','2968071696',0),
	 ('talpe9@oracle.com','Turner','Uraeginthus granatina',18,'Female',0,'2024-11-25','3352867801',0),
	 ('bjanaud6@icq.com','Elwira','',6,'Male',1,'2025-02-13','3899101997',0),
	 ('bjanaud6@icq.com','Waite','Macropus fuliginosus',18,'Female',1,'2024-11-18','4351956492',0),
	 ('daboss@example.com','Doti','',16,'UNKNOWN',1,'2024-04-15','2801593943',0),
	 ('bjanaud6@icq.com','Bobbie','Chionis alba',14,'UNKNOWN',1,'2024-05-14','',0),
	 ('febbins4@smugmug.com','Angie','Ursus americanus',10,'Female',0,'2024-11-29','8216836385',0),
	 ('wpinckard0@usgs.gov','Minta','',1,'Female',0,'2024-06-22','1827938575',1),
	 ('bjanaud6@icq.com','Hetty','Cercatetus concinnus',13,'Female',0,'2024-11-23','9024637253',0),
	 ('febbins4@smugmug.com','Gabrielle','Varanus salvator',4,'Male',0,'2025-03-13','9509629869',0),
	 ('talpe9@oracle.com','Jeffie','Nasua nasua',10,'UNKNOWN',0,'2024-09-27','7486471673',0),
	 ('sgillespie3@globo.com','Jillie','Uraeginthus angolensis',12,'Male',1,'2024-06-01','5007739814',0),
	 ('wlushey5@is.gd','Annaliese','Notechis semmiannulatus',2,'Male',0,'2024-05-14','1309431240',1),
	 ('febbins4@smugmug.com','Amery','',14,'Male',1,'2024-10-25','5626015194',1),
	 ('edorwood1@earthlink.net','Yorker','',18,'Male',1,'2025-01-12','',0),
	 ('wlushey5@is.gd','Kirstin','',9,'UNKNOWN',1,'2024-03-24','',0),
	 ('wlushey5@is.gd','Flem','',3,'Female',1,'2024-06-10','4106803162',0),
	 ('talpe9@oracle.com','Abbie','Agelaius phoeniceus',13,'UNKNOWN',1,'2024-07-28','1912187893',0),
	 ('talpe9@oracle.com','Norton','',10,'Female',1,'2024-12-17','6504981827',1),
	 ('sgillespie3@globo.com','Marianna','Eira barbata',12,'Female',1,'2024-12-11','2404213665',0),
	 ('bjanaud6@icq.com','Jelene','',19,'Male',1,'2025-03-08','1016611686',1),
	 ('febbins4@smugmug.com','Parry','',4,'UNKNOWN',1,'2024-05-01','',0),
	 ('bjanaud6@icq.com','Jameson','Trichoglossus chlorolepidotus',11,'UNKNOWN',1,'2025-03-13','2644698112',0),
	 ('wpinckard0@usgs.gov','Roderic','Merops nubicus',18,'UNKNOWN',1,'2024-08-25','7211564955',0),
	 ('dtice8@simplemachines.org','Gottfried','',2,'Female',1,'2024-11-05','4166224279',0),
	 ('daboss@example.com','Vidovik','',11,'Male',1,'2024-12-05','5579907121',0),
	 ('dtice8@simplemachines.org','Lazare','',6,'Female',1,'2024-10-15','',0),
	 ('wlushey5@is.gd','Frederick','',7,'UNKNOWN',1,'2024-03-15','',0),
	 ('aoglessane2@ed.gov','Mariska','',8,'Male',1,'2025-02-03','7594490866',0),
	 ('edorwood1@earthlink.net','Eolande','Mazama americana',7,'Male',1,'2024-09-30','9828592973',0),
	 ('dtice8@simplemachines.org','Rheba','Pavo cristatus',1,'Male',1,'2025-03-09','1944525639',0),
	 ('sgillespie3@globo.com','Reinold','',19,'UNKNOWN',1,'2024-05-27','4105519593',0),
	 ('wpinckard0@usgs.gov','Augustine','',5,'Female',1,'2024-05-10','2786837636',0),
	 ('edorwood1@earthlink.net','Augustus','Cebus nigrivittatus',1,'Male',1,'2024-10-23','6973742218',0),
	 ('bjanaud6@icq.com','Braden','Anthropoides paradisea',3,'Male',1,'2025-02-02','4853796275',0),
	 ('wpinckard0@usgs.gov','Waite','Eolophus roseicapillus',2,'UNKNOWN',1,'2024-03-23','9588834149',0),
	 ('daboss@example.com','Janeva','',9,'Female',1,'2024-04-02','2504982717',0),
	 ('wpinckard0@usgs.gov','Juana','',7,'Female',1,'2025-03-13','2531870218',1),
	 ('wpinckard0@usgs.gov','Gene','Ammospermophilus nelsoni',11,'UNKNOWN',0,'2025-02-14','9408102242',0),
	 ('hudale7@sciencedirect.com','Shel','',3,'UNKNOWN',1,'2024-08-08','9256435395',0),
	 ('edorwood1@earthlink.net','Guillemette','Paradoxurus hermaphroditus',2,'UNKNOWN',0,'2024-06-29','',0),
	 ('daboss@example.com','Merry','',7,'UNKNOWN',0,'2024-08-26','8127715518',0),
	 ('edorwood1@earthlink.net','Octavius','',18,'Male',1,'2024-05-15','5535903590',0),
	 ('daboss@example.com','Lizzy','Paraxerus cepapi',9,'Female',1,'2025-03-13','3496903878',1),
	 ('dtice8@simplemachines.org','Matelda','Toxostoma curvirostre',5,'Female',1,'2024-03-18','',0),
	 ('aoglessane2@ed.gov','Devon','Sula nebouxii',1,'UNKNOWN',1,'2025-01-01','',0),
	 ('daboss@example.com','Essie','Speotyte cuniculata',6,'UNKNOWN',1,'2025-02-04','5449787053',0),
	 ('edorwood1@earthlink.net','Cullie','Heloderma horridum',18,'Female',1,'2024-03-15','',0),
	 ('dtice8@simplemachines.org','Maria','Zalophus californicus',3,'UNKNOWN',0,'2024-05-17','5184182625',1),
	 ('sgillespie3@globo.com','Dodie','',2,'Male',0,'2024-09-25','6484617350',0),
	 ('talpe9@oracle.com','Murdoch','',16,'Male',0,'2024-04-21','4452815409',0),
	 ('edorwood1@earthlink.net','Ewart','Choloepus hoffmani',7,'Female',0,'2024-08-20','4716292668',0),
	 ('sgillespie3@globo.com','Nat','',2,'UNKNOWN',1,'2024-09-09','6694840887',0),
	 ('daboss@example.com','Willow','',17,'Male',0,'2025-02-03','2957077865',1),
	 ('talpe9@oracle.com','Cullan','',13,'Male',1,'2025-02-22','1899836576',0),
	 ('wlushey5@is.gd','Les','Platalea leucordia',11,'Female',1,'2024-05-21','3455785999',0),
	 ('hudale7@sciencedirect.com','Sal','',7,'Female',1,'2024-09-16','5455092832',0),
	 ('sgillespie3@globo.com','Moshe','Camelus dromedarius',13,'Male',1,'2024-11-04','9529383200',0),
	 ('sgillespie3@globo.com','Cassaundra','Anhinga rufa',0,'Female',1,'2025-03-13','8299812314',0),
	 ('wpinckard0@usgs.gov','Carce','',14,'UNKNOWN',1,'2024-11-26','',0),
	 ('wpinckard0@usgs.gov','Leontyne','',14,'Female',0,'2024-08-21','5404944336',0),
	 ('hudale7@sciencedirect.com','Brita','Crax sp.',18,'Male',1,'2024-09-03','3085988336',1),
	 ('wpinckard0@usgs.gov','Eddy','Alcelaphus buselaphus cokii',16,'Female',1,'2024-12-21','8003533801',0),
	 ('dtice8@simplemachines.org','Ber','Boa constrictor mexicana',9,'Female',1,'2025-03-13','3845412064',0),
	 ('wpinckard0@usgs.gov','Euell','',1,'Male',0,'2024-05-29','',0),
	 ('dtice8@simplemachines.org','Sully','Chelodina longicollis',6,'Male',1,'2024-08-04','4905503133',1),
	 ('bjanaud6@icq.com','Elonore','',2,'Female',1,'2024-04-20','9035903148',0),
	 ('bjanaud6@icq.com','Barnaby','Chloephaga melanoptera',9,'UNKNOWN',1,'2024-12-31','3931867066',0),
	 ('febbins4@smugmug.com','Arney','',4,'Female',0,'2024-10-22','6191287670',0),
	 ('talpe9@oracle.com','Tamqrah','',18,'UNKNOWN',0,'2024-03-23','2271835069',0),
	 ('bjanaud6@icq.com','Jemmy','Aonyx capensis',17,'Male',1,'2025-03-13','5787938396',1),
	 ('hudale7@sciencedirect.com','Ellyn','Choloepus hoffmani',14,'UNKNOWN',1,'2024-11-07','7286020373',0),
	 ('febbins4@smugmug.com','Mallorie','Creagrus furcatus',12,'UNKNOWN',1,'2024-08-06','7796912407',0),
	 ('hudale7@sciencedirect.com','Aldwin','Spilogale gracilis',1,'Female',0,'2024-07-11','5564291940',0),
	 ('dtice8@simplemachines.org','Dorelia','',8,'Female',0,'2024-11-28','9159679379',0),
	 ('dtice8@simplemachines.org','Krishnah','',1,'UNKNOWN',1,'2025-03-13','9491873294',1),
	 ('sgillespie3@globo.com','Hilly','',18,'UNKNOWN',1,'2025-03-13','9296121061',0),
	 ('sgillespie3@globo.com','Carey','',4,'Female',1,'2024-03-26','5639052426',0),
	 ('wpinckard0@usgs.gov','Violetta','',16,'UNKNOWN',1,'2024-06-11','8327294052',1),
	 ('daboss@example.com','Maure','Columba palumbus',16,'Female',1,'2024-01-14','9029802102',0);

INSERT INTO DogBreed (dogID,name) VALUES
	 (1,'Kromfohrlander'),
	 (10,'Bloodhound'),
	 (10,'Briard'),
	 (10,'Shiba Inu'),
	 (100,'Poodle'),
	 (11,'Poodle'),
	 (12,'Alaskan Husky'),
	 (12,'Swedish Lapphund'),
	 (13,'Afghan Hound'),
	 (13,'Maltipoo'),
	 (14,'Kerry Blue Terrier'),
	 (14,'Papillon'),
	 (15,'German Wirehaired Pointer'),
	 (15,'Sealyham Terrier'),
	 (16,'Unknown'),
	 (17,'Bedlington Terrier'),
	 (17,'Toy Poodle'),
	 (18,'Bearded Collie'),
	 (18,'Japanese Chin'),
	 (19,'Poodle'),
	 (2,'Poodle'),
	 (2,'Bullmastiff'),
	 (20,'Great Dane'),
	 (21,'Mixed'),
	 (22,'English Springer Spaniel'),
	 (23,'Black Russian Terrier'),
	 (24,'Mudi'),
	 (25,'Boerboel'),
	 (25,'Italian Greyhound'),
	 (26,'Spanish Water Dog'),
	 (27,'Poodle'),
	 (28,'Pembroke Welsh Corgi'),
	 (29,'Poodle'),
	 (3,'Basset Hound'),
	 (3,'Tosa Ken'),
	 (30,'Scottish Deerhound'),
	 (31,'English Toy Spaniel'),
	 (31,'Irish Terrier'),
	 (32,'Pointer'),
	 (33,'Cardigan Welsh Corgi'),
	 (34,'Australian Terrier'),
	 (34,'Norwegian Elkhound'),
	 (35,'Poodle'),
	 (36,'Redbone Coonhound'),
	 (37,'Akita'),
	 (37,'Lakeland Terrier'),
	 (38,'Boston Terrier'),
	 (38,'Norfolk Terrier'),
	 (39,'Jack Russell Terrier'),
	 (39,'Pomapoo'),
	 (4,'Belgian Sheepdog'),
	 (4,'Ibizan Hound'),
	 (40,'Unknown'),
	 (41,'Poodle'),
	 (42,'Kuvasz'),
	 (42,'West Highland White Terrier'),
	 (43,'Goldendoodle'),
	 (44,'Borzoi'),
	 (44,'Rottweiler'),
	 (45,'German Pinscher'),
	 (45,'Irish Setter'),
	 (46,'Caucasian Ovcharka'),
	 (46,'Komondor'),
	 (47,'Polish Lowland Sheepdog'),
	 (47,'Silky Terrier'),
	 (48,'Dogue de Bordeaux'),
	 (48,'Lagotto Romagnolo'),
	 (49,'Belgian Malinois'),
	 (49,'Dalmatian'),
	 (5,'Poodle'),
	 (50,'Poodle'),
	 (51,'Australian Shepherd'),
	 (51,'Shetland Sheepdog'),
	 (52,'Shihpoo'),
	 (53,'Dachshund'),
	 (53,'Finnish Lapphund'),
	 (54,'German Shorthaired Pointer'),
	 (55,'Poodle'),
	 (56,'Pomeranian'),
	 (57,'Bouvier des Flandres'),
	 (58,'German Shepherd Dog'),
	 (58,'Tibetan Mastiff'),
	 (59,'Norwegian Lundehund'),
	 (59,'Pomsky'),
	 (6,'Poodle'),
	 (6,'Toy Fox Terrier'),
	 (60,'Aussiedoodle'),
	 (60,'English Setter'),
	 (61,'Weimaraner'),
	 (62,'Cavalier King Charles Spaniel'),
	 (62,'Skye Terrier'),
	 (63,'Brussels Griffon'),
	 (63,'Manchester Terrier'),
	 (64,'Poodle'),
	 (65,'Alapaha Blue Blood Bulldog'),
	 (65,'Xoloitzcuintli'),
	 (66,'Samoyed'),
	 (67,'Alaskan Malamute'),
	 (67,'Russian Toy'),
	 (68,'Doberman Pinscher'),
	 (69,'Doxiepoo'),
	 (69,'Sloughi'),
	 (7,'Mixed'),
	 (70,'Lowchen'),
	 (70,'Miniature Schnauzer'),
	 (70,'Norwegian Buhund'),
	 (71,'Australian Cattle Dog'),
	 (71,'Chihuahua'),
	 (72,'Curly-Coated Retriever'),
	 (73,'Poodle'),
	 (74,'Affenpinscher'),
	 (74,'American Water Spaniel'),
	 (74,'Keeshond'),
	 (75,'Belgian Tervuren'),
	 (76,'Yorkipoo'),
	 (77,'Anatolian Shepherd Dog'),
	 (78,'Unknown'),
	 (79,'American Eskimo'),
	 (79,'Berger Picard'),
	 (8,'Poodle'),
	 (80,'Belgian Laekenois'),
	 (80,'Bull Terrier'),
	 (81,'Blue Picardy Spaniel'),
	 (82,'Cavapoo'),
	 (82,'Golden Retriever'),
	 (83,'Cairn Terrier'),
	 (83,'Dandie Dinmont Terrier'),
	 (84,'Welsh Terrier'),
	 (85,'Pharaoh Hound'),
	 (86,'Beagle'),
	 (86,'Staffordshire Bull Terrier'),
	 (87,'Poodle'),
	 (88,'Chesapeake Bay Retriever'),
	 (88,'Kooikerhondje'),
	 (89,'Catahoula Leopard Dog'),
	 (89,'French Bulldog'),
	 (9,'American Foxhound'),
	 (9,'Poodle'),
	 (90,'Poodle'),
	 (91,'Cane Corso'),
	 (91,'Standard Schnauzer'),
	 (92,'Basador'),
	 (92,'English Foxhound'),
	 (93,'Welsh Springer Spaniel'),
	 (94,'Unknown'),
	 (95,'German Spitz'),
	 (95,'Greater Swiss Mountain Dog'),
	 (96,'Perro de Presa Canario'),
	 (96,'Vizsla'),
	 (97,'Fila Brasileiro'),
	 (97,'Peruvian Inca Orchid'),
	 (98,'American Staffordshire Terrier'),
	 (98,'Cirneco dell''Etna'),
	 (99,'Poodle');

-- Sideways
INSERT INTO Dog (email,name,description,age,sex,altered,surrender_date,surrender_phone,by_animal_control) VALUES
	 ('sgillespie3@globo.com','Sideways','Waive the fees!',10,'Female',1,'2024-03-26','5639052426',0);

INSERT INTO DogBreed(dogID, name) VALUES(LAST_INSERT_ID(), 'Toy Fox Terrier');

INSERT INTO Expense (dogID,vendor,`date`,amount,category) VALUES
	 (1,'Boyle-Tremblay','2024-12-24',325.00,'Miscellaneous'),
	 (1,'D''Amore-Weber','2024-12-27',450.00,'Leashes, collars, harnesses'),
	 (1,'Keebler Group','2024-12-31',97.00,'Miscellaneous'),
	 (2,'Baumbach, Hudson and McKenzie','2025-02-07',486.00,'Food supplies'),
	 (2,'D''Amore, Lueilwitz and McCullough','2025-01-13',958.00,'Transportation'),
	 (2,'Pfannerstill, Hessel and Sipes','2025-01-28',295.00,'Medications'),
	 (3,'Bernier Group','2024-07-29',601.00,'Transportation'),
	 (3,'Block Group','2024-06-26',509.00,'Veterinarian fees'),
	 (3,'Bode Inc','2024-08-04',617.00,'Miscellaneous'),
	 (4,'Bartell, Torphy and Friesen','2024-09-27',30.00,'Veterinarian fees'),
	 (4,'Flatley-Champlin','2025-03-09',23.00,'Treats and Toys'),
	 (5,'Johnson and Sons','2025-02-26',593.00,'Miscellaneous'),
	 (5,'Monahan LLC','2024-08-26',291.00,'Food supplies'),
	 (5,'Schmidt LLC','2025-02-02',611.00,'Leashes, collars, harnesses'),
	 (6,'Conn, Gislason and Cormier','2024-10-28',551.00,'Medications'),
	 (7,'Stiedemann-Wyman','2025-01-31',522.00,'Miscellaneous'),
	 (7,'Wyman, Rolfson and Schroeder','2024-03-19',919.00,'Leashes, collars, harnesses'),
	 (8,'Ratke Group','2024-08-27',560.00,'Miscellaneous'),
	 (8,'Schiller, Swift and Dare','2024-11-10',721.00,'Medications'),
	 (9,'Dicki-Cremin','2024-11-11',487.00,'Leashes, collars, harnesses'),
	 (9,'Emard and Sons','2024-10-22',122.00,'Transportation'),
	 (9,'Feest-Flatley','2024-07-20',161.00,'Grooming supplies'),
	 (10,'Abshire and Sons','2025-01-14',464.00,'Medications'),
	 (10,'Bailey, Roberts and Sporer','2025-01-15',67.00,'Leashes, collars, harnesses'),
	 (10,'Conn-Windler','2025-01-29',982.00,'Medications'),
	 (10,'Weimann-Williamson','2025-01-30',79.00,'Treats and Toys'),
	 (11,'Kihn, Nienow and Murazik','2024-12-19',44.00,'Veterinarian fees'),
	 (11,'Konopelski-West','2024-06-19',478.00,'Medications'),
	 (12,'Konopelski-Padberg','2024-12-30',529.00,'Transportation'),
	 (12,'Little-West','2024-08-22',457.00,'Grooming supplies'),
	 (14,'Cummerata-Goldner','2024-06-06',518.00,'Leashes, collars, harnesses'),
	 (14,'Davis, Mertz and Littel','2024-08-15',534.00,'Miscellaneous'),
	 (14,'White and Sons','2024-12-11',487.00,'Treats and Toys'),
	 (15,'Walker, Dooley and Fritsch','2024-06-18',778.00,'Transportation'),
	 (16,'D''Amore-Kilback','2025-02-12',917.00,'Treats and Toys'),
	 (17,'Langosh-Stoltenberg','2024-04-26',10.00,'Food supplies'),
	 (18,'Olson Group','2024-11-30',103.00,'Transportation'),
	 (18,'Padberg Inc','2024-12-10',730.00,'Veterinarian fees'),
	 (19,'Glover-Maggio','2025-01-15',559.00,'Food supplies'),
	 (20,'Kuphal-Rau','2024-08-25',726.00,'Veterinarian fees'),
	 (20,'McLaughlin, Swaniawski and Larson','2024-07-20',672.00,'Veterinarian fees'),
	 (21,'Rath-Weissnat','2024-04-14',30.00,'Treats and Toys'),
	 (21,'Stiedemann-Gerlach','2024-05-14',617.00,'Veterinarian fees'),
	 (22,'Hartmann, McCullough and Rowe','2024-05-30',41.00,'Veterinarian fees'),
	 (22,'Jacobi-Crona','2024-08-11',71.00,'Medications'),
	 (23,'Greenholt-Ernser','2024-10-02',15.00,'Leashes, collars, harnesses'),
	 (23,'Lesch Group','2024-12-26',22.00,'Leashes, collars, harnesses'),
	 (24,'Price-Waters','2024-11-18',426.00,'Medications'),
	 (24,'Ryan-King','2024-11-25',297.00,'Veterinarian fees'),
	 (24,'Satterfield, Orn and Daugherty','2024-12-15',228.00,'Treats and Toys'),
	 (25,'Cormier-Treutel','2024-12-24',129.00,'Veterinarian fees'),
	 (25,'Cummerata and Sons','2025-01-27',239.00,'Dental care'),
	 (25,'Green, Bednar and Rippin','2024-04-15',457.00,'Grooming supplies'),
	 (26,'Hermann-Mann','2024-12-07',45.00,'Leashes, collars, harnesses'),
	 (27,'Schowalter-Hirthe','2024-08-04',668.00,'Veterinarian fees'),
	 (27,'Spinka Group','2025-02-05',455.00,'Veterinarian fees'),
	 (27,'Stracke-Emard','2024-06-04',795.00,'Transportation'),
	 (28,'Koepp Inc','2024-11-23',793.00,'Transportation'),
	 (28,'Langosh and Sons','2025-01-10',387.00,'Medications'),
	 (28,'Morissette, Kuhic and Murazik','2024-04-18',880.00,'Medications'),
	 (28,'Romaguera Group','2024-07-25',698.00,'Dental care'),
	 (28,'Runte, Wiza and Ruecker','2024-08-12',723.00,'Medications'),
	 (28,'Spencer and Sons','2024-04-26',222.00,'Food supplies'),
	 (28,'Stark, Robel and Raynor','2024-03-14',380.00,'Dental care'),
	 (29,'Bahringer, Legros and Tremblay','2024-10-29',962.00,'Medications'),
	 (29,'Cassin-Stehr','2024-09-10',56.00,'Leashes, collars, harnesses'),
	 (30,'Buckridge-Feeney','2024-12-02',634.00,'Grooming supplies'),
	 (30,'Koepp-Harber','2024-04-23',518.00,'Medications'),
	 (31,'Farrell LLC','2024-05-26',989.00,'Leashes, collars, harnesses'),
	 (31,'Farrell-Kovacek','2024-03-11',561.00,'Transportation'),
	 (31,'Feeney-Franecki','2024-07-16',855.00,'Shelter supplies'),
	 (32,'Corwin, Adams and Corkery','2024-06-16',275.00,'Leashes, collars, harnesses'),
	 (32,'Grimes Group','2024-06-14',221.00,'Shelter supplies'),
	 (33,'Konopelski and Sons','2024-10-06',118.00,'Veterinarian fees'),
	 (33,'O''Connell and Sons','2024-09-17',729.00,'Dental care'),
	 (34,'Green-McClure','2024-04-24',462.00,'Leashes, collars, harnesses'),
	 (34,'Herzog, Kerluke and Mraz','2024-07-21',842.00,'Medications'),
	 (35,'Cormier, Quitzon and Rath','2024-08-30',234.00,'Transportation'),
	 (35,'Halvorson LLC','2024-10-07',314.00,'Leashes, collars, harnesses'),
	 (36,'Wuckert LLC','2024-04-21',681.00,'Dental care'),
	 (37,'Baumbach, Ondricka and O''Reilly','2024-12-08',805.00,'Dental care'),
	 (37,'Sporer Inc','2025-03-09',202.00,'Food supplies'),
	 (38,'Roob-Bode','2024-08-15',614.00,'Veterinarian fees'),
	 (38,'Schinner-Walker','2024-08-26',41.00,'Dental care'),
	 (38,'Schneider Inc','2024-07-28',372.00,'Shelter supplies'),
	 (39,'McLaughlin Inc','2024-09-28',975.00,'Miscellaneous'),
	 (39,'Moen and Sons','2024-06-16',221.00,'Transportation'),
	 (40,'Kling LLC','2024-05-27',732.00,'Dental care'),
	 (40,'Sipes, Halvorson and Dach','2024-10-07',145.00,'Grooming supplies'),
	 (41,'Lemke, Koepp and Ferry','2025-03-08',355.00,'Medications'),
	 (41,'Pfeffer LLC','2025-03-09',451.00,'Miscellaneous'),
	 (42,'Klocko Group','2025-02-05',366.00,'Medications'),
	 (42,'Krajcik Group','2024-05-01',100.00,'Veterinarian fees'),
	 (42,'Mayert Inc','2024-12-04',476.00,'Food supplies'),
	 (43,'Lubowitz Group','2025-03-13',83.00,'Medications'),
	 (43,'Marks-Bednar','2025-03-13',106.00,'Treats and Toys'),
	 (44,'Lind-Oberbrunner','2024-06-04',584.00,'Transportation'),
	 (44,'Moore-Jenkins','2024-05-16',376.00,'Food supplies'),
	 (44,'Parker LLC','2024-07-14',74.00,'Dental care'),
	 (45,'Donnelly Group','2024-10-17',639.00,'Leashes, collars, harnesses'),
	 (45,'Feest LLC','2024-12-19',217.00,'Leashes, collars, harnesses'),
	 (46,'Mitchell-Stiedemann','2025-02-26',744.00,'Treats and Toys'),
	 (46,'Moore and Sons','2025-01-10',910.00,'Grooming supplies'),
	 (47,'Hickle, Rice and Bartell','2025-01-19',12.00,'Grooming supplies'),
	 (47,'Kiehn-Reichel','2024-10-30',514.00,'Grooming supplies'),
	 (48,'Ebert Inc','2024-10-14',675.00,'Veterinarian fees'),
	 (48,'Goldner-Wolff','2024-11-20',695.00,'Dental care'),
	 (48,'Hauck-Keeling','2024-08-19',996.00,'Food supplies'),
	 (49,'Baumbach, Goyette and Reichel','2024-12-12',556.00,'Food supplies'),
	 (50,'Hoppe Group','2025-02-21',625.00,'Leashes, collars, harnesses'),
	 (50,'Kiehn-Gleichner','2024-11-24',189.00,'Food supplies'),
	 (50,'Leuschke-Legros','2024-03-18',147.00,'Medications'),
	 (51,'Lehner, Lowe and Roob','2024-04-19',252.00,'Treats and Toys'),
	 (51,'Prohaska-Shields','2024-10-07',457.00,'Grooming supplies'),
	 (52,'Greenholt-Gusikowski','2024-10-13',767.00,'Shelter supplies'),
	 (52,'Kulas LLC','2024-09-04',515.00,'Leashes, collars, harnesses'),
	 (53,'Huel LLC','2024-05-14',175.00,'Veterinarian fees'),
	 (55,'Carroll, Collier and Anderson','2025-02-01',115.00,'Leashes, collars, harnesses'),
	 (55,'Gibson Inc','2024-05-06',487.00,'Miscellaneous'),
	 (55,'Kovacek and Sons','2024-11-11',634.00,'Veterinarian fees'),
	 (55,'Witting, McLaughlin and Emmerich','2024-03-18',677.00,'Medications'),
	 (56,'Blanda LLC','2024-03-20',511.00,'Leashes, collars, harnesses'),
	 (56,'Price, Berge and Roberts','2025-01-17',458.00,'Transportation'),
	 (57,'Murray, Beier and Schroeder','2024-04-08',318.00,'Transportation'),
	 (57,'Rutherford LLC','2024-12-09',928.00,'Transportation'),
	 (57,'Wuckert Group','2024-05-20',499.00,'Shelter supplies'),
	 (58,'Cole, Dicki and Howe','2024-10-19',187.00,'Dental care'),
	 (58,'Mills, Jones and Pouros','2024-08-13',390.00,'Treats and Toys'),
	 (59,'Haag LLC','2024-10-29',15.00,'Veterinarian fees'),
	 (59,'Heaney-Nader','2025-02-16',466.00,'Grooming supplies'),
	 (59,'Mann, Krajcik and Roob','2024-08-30',153.00,'Treats and Toys'),
	 (60,'Labadie, Fritsch and Kozey','2024-09-02',764.00,'Leashes, collars, harnesses'),
	 (62,'Anderson and Sons','2024-03-24',974.00,'Shelter supplies'),
	 (63,'Brakus-Gutmann','2024-06-23',8.00,'Grooming supplies'),
	 (63,'Cremin-Schaefer','2024-05-22',449.00,'Leashes, collars, harnesses'),
	 (63,'Medhurst-Strosin','2024-04-26',643.00,'Leashes, collars, harnesses'),
	 (63,'Metz, Kerluke and Jerde','2025-01-18',182.00,'Shelter supplies'),
	 (63,'Monahan-Abernathy','2025-03-05',394.00,'Treats and Toys'),
	 (64,'Orn-Baumbach','2024-09-02',55.00,'Treats and Toys'),
	 (65,'Brown and Sons','2025-01-02',293.00,'Treats and Toys'),
	 (65,'Douglas-Gorczany','2024-12-23',552.00,'Dental care'),
	 (65,'Fay-Labadie','2024-09-14',710.00,'Dental care'),
	 (66,'Larkin and Sons','2024-08-05',990.00,'Medications'),
	 (67,'Armstrong and Sons','2025-01-20',685.00,'Medications'),
	 (67,'Dach, O''Conner and Hermiston','2024-10-13',804.00,'Food supplies'),
	 (67,'Emmerich-Kemmer','2025-01-03',567.00,'Medications'),
	 (68,'Skiles, Doyle and Fisher','2024-04-22',933.00,'Dental care'),
	 (69,'Boehm-Schaden','2024-05-06',655.00,'Shelter supplies'),
	 (69,'White, Berge and Quitzon','2024-04-28',162.00,'Leashes, collars, harnesses'),
	 (70,'Marquardt, Gerlach and Purdy','2024-07-11',475.00,'Transportation'),
	 (71,'Larson Group','2025-01-30',571.00,'Leashes, collars, harnesses'),
	 (72,'Kling Inc','2024-10-31',440.00,'Dental care'),
	 (72,'Legros, Barton and Kulas','2024-10-15',611.00,'Treats and Toys'),
	 (73,'Boyer, Wolff and Fisher','2024-08-09',83.00,'Shelter supplies'),
	 (74,'Batz Inc','2024-06-28',596.00,'Shelter supplies'),
	 (75,'Hagenes-Beier','2025-02-02',997.00,'Leashes, collars, harnesses'),
	 (75,'Harvey and Sons','2024-11-04',711.00,'Food supplies'),
	 (75,'Herzog, Swaniawski and Rogahn','2024-06-11',494.00,'Medications'),
	 (76,'Moen LLC','2024-11-27',907.00,'Leashes, collars, harnesses'),
	 (76,'Mosciski LLC','2024-04-24',31.00,'Dental care'),
	 (76,'Ondricka and Sons','2024-06-19',332.00,'Treats and Toys'),
	 (77,'Will Group','2024-12-27',663.00,'Veterinarian fees'),
	 (79,'Cummerata-Hudson','2024-12-21',196.00,'Grooming supplies'),
	 (80,'Ritchie, Ratke and Tillman','2025-02-19',931.00,'Dental care'),
	 (81,'Lowe, Steuber and Parker','2024-08-15',777.00,'Veterinarian fees'),
	 (82,'Franecki-Beahan','2024-12-18',999.00,'Leashes, collars, harnesses'),
	 (82,'Parker-Boehm','2025-01-16',731.00,'Dental care'),
	 (83,'Kuphal Group','2024-10-26',721.00,'Shelter supplies'),
	 (84,'Kemmer-Balistreri','2024-09-17',135.00,'Veterinarian fees');

INSERT INTO Microchip (microchipID,manufacturer) VALUES
	 ('01JP6NHE4WT55RDXS195WEM1D3','PetGuardian Chips'),
	 ('01JP6NHE4XGDKPG8Z08TFVG4HK','PetLink'),
	 ('01JP6NHE4XW5GNVW8G6APFBKQ7','PawID Technologies'),
	 ('01JP6NHE4XZG7GEMZYAT4G5C6E','PawPrint ID'),
	 ('01JP6NHE4Y0KRJMYK8W72FDX1K','PetLink'),
	 ('01JP6NHE4Y3X0F8Z4TSSXPDN0P','HomeAgain'),
	 ('01JP6NHE4Y83T5ZRBNFYRYHQMP','Destron Fearing'),
	 ('01JP6NHE4YRDTYEQESGSCAV24C','PawTech Microchips'),
	 ('01JP6NHE4YX7YHGYJ0YC4A855V','Datamars'),
	 ('01JP6NHE4Z799K3M3WM2T3SCMK','BarkCode Solutions'),
	 ('01JP6NHE4ZGANQHJQ1SN4DVYCE','Datamars'),
	 ('01JP6NHE4ZXW23214885FWXPSZ','AKC Reunite'),
	 ('01JP6NHE4ZYPNDA47T4C1YBESE','Banfield TruPaws'),
	 ('01JP6NHE503K8CF8FXE7K936Q2','CritterID Systems'),
	 ('01JP6NHE50QZ5QM26Z24S9NHWG','PetSafe Chips'),
	 ('01JP6NHE50RM3FHNF0818PQNKZ','AVID'),
	 ('01JP6NHE50Y6T279YKRTZBW2JF','Trovan'),
	 ('01JP6NHE516Q5P3HBRD163Z4CP','Trovan'),
	 ('01JP6NHE51N7HTGJ8YW4TZG5GT','PetGuardian Chips'),
	 ('01JP6NHE51RB23ABW3CD00T3YV','PetSafe Chips'),
	 ('01JP6NHE51SFZ1TFANY26DSY2P','PawID Technologies'),
	 ('01JP6NHE51XQ5T5Z5SYNTC5RHK','LifeChip'),
	 ('01JP6NHE5223PSNVRDKT785C14','CritterID Systems'),
	 ('01JP6NHE5235TKCSM985D6RJ8H','HomeAgain'),
	 ('01JP6NHE52BEVJ80SFX215N8JT','Trovan'),
	 ('01JP6NHE52YPRDXXE15QX3XJTS','AVID'),
	 ('01JP6NHE53CRVKMTF0KYYZCRHQ','FurSecure ID'),
	 ('01JP6NHE53D3QJZ45Y8ZHZP5FV','PawID Technologies'),
	 ('01JP6NHE53KVY9P6FGVEBBDYHQ','HomeAgain'),
	 ('01JP6NHE53TAVMYKXXQ2V2H1DX','Banfield TruPaws'),
	 ('01JP6NHE53YKZ6KCRXFH6R6AKH','PawID Technologies'),
	 ('01JP6NHE54JNEAKME83PBN03WX','Trovan'),
	 ('01JP6NHE54VCV6WRSSM47N3PC4','PawPrint ID'),
	 ('01JP6NHE54WT22X8Y0WKS3HXV3','PetGuardian Chips'),
	 ('01JP6NHE54ZBBVX6KJ32PYKAH8','Trovan'),
	 ('01JP6NHE555WW08X7CWM5FX6HS','AVID'),
	 ('01JP6NHE55CXKVF1CX8EGMN8ZK','PetLink'),
	 ('01JP6NHE55Z089V12F3TGXWYEP','24PetWatch'),
	 ('01JP6NHE5612H3G68EH849Q3BR','FurryTag Systems'),
	 ('01JP6NHE564V61HX98NBGYNHQM','Banfield TruPaws'),
	 ('01JP6NHE56BHZ1T1AHREQ6NAA7','HomeAgain'),
	 ('01JP6NHE56K375PG86DQYM51SM','AVID'),
	 ('01JP6NHE56Y1GZHRRG3FPPVP26','PetSafe Chips'),
	 ('01JP6NHE57A608J05JB4K7QT35','AKC Reunite'),
	 ('01JP6NHE57HJJH51WKTB9HSSV1','PawPrint ID'),
	 ('01JP6NHE57JN1J62C99WF3B29A','FurryTag Systems'),
	 ('01JP6NHE57QZ5AXV662A7GZ6Z7','Trovan'),
	 ('01JP6NHE580DB8EWBARP7F70HF','Trovan'),
	 ('01JP6NHE581WE8Y01T621AQC91','PetLink'),
	 ('01JP6NHE58A3J3G7AR87WR71HF','Datamars'),
	 ('01JP6NHE58DWADJ377E5WV6ES8','Trovan'),
	 ('01JP6NHE58YTTHT6E0AJJT8A69','PawTech Microchips'),
	 ('01JP6NHE59563QT8W4M7YX1QRD','FurSecure ID'),
	 ('01JP6NHE599WAC9M119M8BN8FK','Trovan'),
	 ('01JP6NHE59GCS4WPD1CFKW16EC','AKC Reunite'),
	 ('01JP6NHE59P0WX9C5Z3CPYEC4V','PetGuardian Chips'),
	 ('01JP6NHE59P44FB6W6VB19W3BG','FurTrack Microchips'),
	 ('01JP6NHE5A1ABW1C1TNVR9EZJM','FurryTag Systems'),
	 ('01JP6NHE5A8P5V7SNNJ821FW29','Trovan'),
	 ('01JP6NHE5ANM1SBHF4EJBVQAVS','AVID'),
	 ('01JP6NHE5AWE0VP04RE7KQDR3Y','HomeAgain'),
	 ('01JP6NHE5BEEMK5WYTNG1KK11H','PetGuardian Chips'),
	 ('01JP6NHE5BV4BPWA1G682ZKTRR','PetSafe Chips'),
	 ('01JP6NHE5BVJKEZ1S1B8BR535Y','PawTech Microchips'),
	 ('01JP6NHE5BY8DSKG3MBNMKRWFX','Trovan'),
	 ('01JP6NHE5C60P44GKX4RBE47Q1','PetLink'),
	 ('01JP6NHE5CAN1DXPJF1MDEX7E6','PetGuardian Chips'),
	 ('01JP6NHE5CHJFX7D6A474JGN9A','24PetWatch'),
	 ('01JP6NHE5CSFW8BXCP1Q2S68SX','PetSafe Chips'),
	 ('01JP6NHE5D1FTVM0HR29PC8K17','Datamars'),
	 ('01JP6NHE5DYFJGVHPCYZ83SDZG','FurSecure ID'),
	 ('01JP6NHE5XAC9GY1Y3B302WFA3','Datamars'),
	 ('01JP6NHE5YCAPZ12EVPY9VA839','PawPrint ID'),
	 ('01JP6NHE5YG2DTEVBD68X2W1FY','PetGuardian Chips'),
	 ('01JP6NHE5YPK7N5YHWCYA7SCWP','BarkCode Solutions'),
	 ('01JP6NHE5Z2Q24VRRYZXJV47DC','FurTrack Microchips'),
	 ('01JP6NHE5ZRGPJDQZSR2QG6S9T','PetLink'),
	 ('01JP6NHE5ZRPN2CPPMCSR0XSN8','24PetWatch'),
	 ('01JP6NHE603XAGBBFA62TG7HKS','FurTrack Microchips'),
	 ('01JP6NHE60W1301HPV4B9HVD6X','AKC Reunite'),
	 ('01JP6NHE61FVVAMMERHZACM1F4','Datamars'),
	 ('01JP6NHE61P6K43VXJQRA6KPY3','Destron Fearing'),
	 ('01JP6NHE61ST6183Q7JY91WZAM','FurSecure ID'),
	 ('01JP6NHE61T5BZ43XNTGB7701C','PawTech Microchips'),
	 ('01JP6NHE6246G5CPANE0A6516W','FurSecure ID'),
	 ('01JP6NHE626XMQYNRYKGP1D1CS','AKC Reunite'),
	 ('01JP6NHE62F0CF5H5VNMKCHKCM','AKC Reunite'),
	 ('01JP6NHE62T3ZGT61ZSEA1381W','FurSecure ID'),
	 ('01JP6NHE63CQHNN10Z6FHW6WCE','PawID Technologies'),
	 ('01JP6NHE63DZW74B9BXZZ1EWRP','AKC Reunite'),
	 ('01JP6NHE63HNBRJN8CKPYJ6WHG','Banfield TruPaws'),
	 ('01JP6NHE63HV1Q778GR6FP9WEW','PawPrint ID'),
	 ('01JP6NHE63NBRB5H2NC8KMFCHC','FurTrack Microchips'),
	 ('01JP6NHE64M2KE50XJ4A98Z4MP','Datamars'),
	 ('01JP6NHE64NZ65FEG8BR4G0T5A','AKC Reunite'),
	 ('01JP6NHE64YBVTM7JQW26ACZ3V','FurTrack Microchips'),
	 ('01JP6NHE6574PQ35E1MQ9Y70CG','AKC Reunite'),
	 ('01JP6NHE658BAQEV64N2BTY4NC','Destron Fearing'),
	 ('01JP6NHE65A7K9KMJ72AVHHVKF','HomeAgain'),
	 ('01JP6NHE65V587554MJCKX3221','Destron Fearing'),
	 ('01JP6NHE667FQQS068V5B2C9YQ','BarkCode Solutions'),
	 ('01JP6NHE66FQP5YQ56ZK6B5XSG','PetGuardian Chips'),
	 ('01JP6NHE66TCHWMVA6P4C1HV65','PawTech Microchips'),
	 ('01JP6NHE672BE1DSVYE0YTGFW3','PetGuardian Chips'),
	 ('01JP6NHE67477FJ4V3SY75VQKD','FurSecure ID'),
	 ('01JP6NHE67J2TQW11R23V7VKXD','HomeAgain'),
	 ('01JP6NHE67MFCX4J6BZ1HCHBDT','HomeAgain'),
	 ('01JP6NHE67QH4H02M5SW255YTG','PetGuardian Chips'),
	 ('01JP6NHE680MR68N9QMC0SPMTY','PawPrint ID'),
	 ('01JP6NHE68946CNJAMV5J6Q5D8','CritterID Systems'),
	 ('01JP6NHE68N8NP70FBW2EFM1TY','FurryTag Systems'),
	 ('01JP6NHE695JM6GSPB1N5KRKJG','LifeChip'),
	 ('01JP6NHE695V4G8YHNJQB14G09','24PetWatch'),
	 ('01JP6NHE697J0TY4AGB3E4XQCQ','CritterID Systems'),
	 ('01JP6NHE6994Q4AEHZPFAH1GEF','FurTrack Microchips'),
	 ('01JP6NHE6A7MFZZRR7NHJCSA90','PawID Technologies'),
	 ('01JP6NHE6AHBHH2QGTM3HWY1B0','LifeChip'),
	 ('01JP6NHE6AP1PXHB8TZW36QNF3','Datamars'),
	 ('01JP6NHE6AQ6ZKGS53PX5SJVKY','HomeAgain'),
	 ('01JP6NHE6B3FX0PZZK8ZJTERB4','FurSecure ID'),
	 ('01JP6NHE6BSS5PKKEMMPXAQ51H','BarkCode Solutions'),
	 ('01JP6NHE6CK8V31DSGGKVAH4JC','PetSafe Chips'),
	 ('01JP6NHE6D8TXQYGJP36J7PSVB','FurryTag Systems'),
	 ('01JP6NHE6DK49D52RDMACK4FD2','AVID'),
	 ('01JP6NHE6E2TDDBFH7KJ9TFPY5','LifeChip'),
	 ('01JP6NHE6E60CR52F5CJQNC8EX','FurryTag Systems'),
	 ('01JP6NHE6EAPX3T3QAWCVSKTRR','Trovan'),
	 ('01JP6NHE6EHJYTTV3DS1P0PS3G','PetLink'),
	 ('01JP6NHE6FPDJQJHD7DJ2X43WA','LifeChip'),
	 ('01JP6NHE6FPFCV0RP4BZS00HAW','AKC Reunite'),
	 ('01JP6NHE6FZC4VVA3VD35GXWJ5','BarkCode Solutions'),
	 ('01JP6NHE6G9D2GS3Z4A577J5KD','PetLink'),
	 ('01JP6NHE6GWGKQ76B1HYWHAA9N','24PetWatch'),
	 ('01JP6NHE6HPNA6JSFWPEJDMQMF','Trovan'),
	 ('01JP6NHE6J9KBQ0FN5TP2HG46C','PetGuardian Chips'),
	 ('01JP6NHE6JE424VGP9PGHEBK1N','PawTech Microchips'),
	 ('01JP6NHE6K83PZJ2X8TEBVE0DR','Datamars'),
	 ('01JP6NHE6KPCQ6PNEMT9XEXWZ5','Datamars'),
	 ('01JP6NHE6KRQM0P3HVWVRYHBRC','Destron Fearing'),
	 ('01JP6NHE6KTEWRBDSE3K8XR9D8','FurSecure ID'),
	 ('01JP6NHE6MB6BK84MZ70QZB9YR','BarkCode Solutions'),
	 ('01JP6NHE6MMG0QP05AHCWQGGMY','Destron Fearing'),
	 ('01JP6NHE6MYYV3VXC362RF8Q29','24PetWatch'),
	 ('01JP6NHE6NWT4RCCWD95MW27R4','PawID Technologies'),
	 ('01JP6NHE6NYDBTJQXRNSR4Y9SR','FurTrack Microchips'),
	 ('01JP6NHE6P5KZEAJKWGWMS4309','PawID Technologies'),
	 ('01JP6NHE6PHNETFP5XTDQJ3RNH','FurSecure ID'),
	 ('01JP6NHE6QGNMV35TWZ1VQ794A','FurSecure ID'),
	 ('01JP6NHE6QVE813A2EPN0923YK','Trovan'),
	 ('01JP6NHE6QVNT4168ZJ0T6XRBD','LifeChip'),
	 ('01JP6NHE6QYHM7JHY34FC57CG0','Destron Fearing'),
	 ('01JP6NHE6RHZC5VS60JRRFRM4P','Trovan'),
	 ('01JP6NHE6RSCNB2VHCY0VHSMN7','PetSafe Chips'),
	 ('01JP6NHE6RZTNTXQZE7BYHF0RK','PawPrint ID'),
	 ('01JP6NHE6SFWJ9R2GZZ3M1SCNE','PawTech Microchips'),
	 ('01JP6NHE6SKB4SZ9WE0Z8KFTMX','PetLink'),
	 ('01JP6NHE6SR2THRM4BM9C7K3FR','FurryTag Systems'),
	 ('01JP6NHE6SVRN6QCX1PXPX8FN6','PetLink'),
	 ('01JP6NHE6T3DZPBP6S98AS46S6','PawID Technologies'),
	 ('01JP6NHE6TFYJXZ367QN3EB1J7','AKC Reunite'),
	 ('01JP6NHE6TMN1RC5QPFRDCD6PP','LifeChip'),
	 ('01JP6NHE6TW6B663FFA6TH0NH9','24PetWatch'),
	 ('01JP6NHE6V0A4ACM1C69Y5S4RH','FurTrack Microchips'),
	 ('01JP6NHE6V171V2D08Y6YS743Y','HomeAgain'),
	 ('01JP6NHE6V7MH2VHDPXF6R5P7S','PetGuardian Chips'),
	 ('01JP6NHE6VFDP7TVVQCMMJHN53','BarkCode Solutions'),
	 ('01JP6NHE6W3F0WD0FXWZ74KVMG','CritterID Systems'),
	 ('01JP6NHE6W4BDDQQVHQVFEMNYX','AKC Reunite'),
	 ('01JP6NHE6X613EPGYAZHGKPSE8','FurSecure ID'),
	 ('01JP6NHE6XN9BV0P544YH6TWC0','AVID'),
	 ('01JP6NHE6XTCRJHE7VAHSX3AR5','Trovan'),
	 ('01JP6NHE6XYJYQMRV2DCKH4PN4','LifeChip'),
	 ('01JP6NHE6Y29JE0NVDQZ2EDV7H','PawID Technologies'),
	 ('01JP6NHE6Y6NZBEX11JJMS86EN','Destron Fearing'),
	 ('01JP6NHE6Y70GA8HHYTB18886X','AVID'),
	 ('01JP6NHE6YCKJTM3TC1DR9S6XZ','Datamars'),
	 ('01JP6NHE6ZMWJ4V6KRE7BSQ994','HomeAgain'),
	 ('01JP6NHE6ZQQ1TR3KC14PFFAK3','PawTech Microchips'),
	 ('01JP6NHE6ZZ30M31WGCHKCRK1B','LifeChip'),
	 ('01JP6NHE709X57EJC0DFAHNTFH','PawID Technologies'),
	 ('01JP6NHE71A55CEDEAQFTM9JEE','PawTech Microchips'),
	 ('01JP6NHE71VAC467NJ31CNGX0F','CritterID Systems'),
	 ('01JP6NHE71VRQVWXKFGAJK2M0E','LifeChip'),
	 ('01JP6NHE720S2WZYXWNJ48K77C','FurryTag Systems'),
	 ('01JP6NHE7277XF40162BSK5HMG','PetGuardian Chips'),
	 ('01JP6NHE72E2D6P5VN9QZF1X9H','Datamars'),
	 ('01JP6NHE72HKDJ8ECVEA3RBH75','Banfield TruPaws'),
	 ('01JP6NHE72J927YX800S6SRQN0','LifeChip'),
	 ('01JP6NHE73P88CJV0S3VPD1QJ8','CritterID Systems'),
	 ('01JP6NHE73T82SPXFXN29SA49C','FurSecure ID'),
	 ('01JP6NHE73XHFG4PKVS09JKTG8','Trovan'),
	 ('01JP6NHE73ZTCTCYKM6FVQPAQN','Destron Fearing'),
	 ('01JP6NHE74CHP40MZWF6DGD1BD','AVID'),
	 ('01JP6NHE74KQNTE5JB870VDWTY','PawPrint ID'),
	 ('01JP6NHE74PQRFPFSZESWBGZ48','FurTrack Microchips'),
	 ('01JP6NHE75AMG5YJ1Z6B8NYE5W','CritterID Systems'),
	 ('01JP6NHE75E1B1DTZYXP3ZQXZM','LifeChip'),
	 ('01JP6NHE75HZFZMB1YA2RTJ8BD','PawPrint ID'),
	 ('01JP6NHE762CJ4Z4MS88PBDFWQ','PawTech Microchips'),
	 ('01JP6NHE76H1NVTYE2ANTP58X4','AKC Reunite'),
	 ('01JP6NHE76HGKNF7Z8HQNFQA0Q','FurSecure ID'),
	 ('01JP6NHE76RDC82H0EPR07F3YP','FurSecure ID'),
	 ('01JP6NHE76VR3TZV3GGTF2MEGE','PawTech Microchips'),
	 ('01JP6NHE7719TZ02YE7Z04XY3J','AKC Reunite'),
	 ('01JP6NHE77599858PG573CR0V8','FurTrack Microchips'),
	 ('01JP6NHE778E8WS5Z4HERBCTPT','PetSafe Chips'),
	 ('01JP6NHE77ATJSVG88T67SX1QW','CritterID Systems'),
	 ('01JP6NHE7811XPCHXG7N24Y4ER','PetSafe Chips'),
	 ('01JP6NHE782R19SBTW73ACD7E7','AVID'),
	 ('01JP6NHE7867KKW6YV9FWBCRN0','Banfield TruPaws'),
	 ('01JP6NHE793B83DBP628FJ2DFY','LifeChip'),
	 ('01JP6NHE79CY0RV3YTEG7393NV','Datamars'),
	 ('01JP6NHE79ECNTZGZNZW2GQG9T','FurryTag Systems'),
	 ('01JP6NHE79Q8RHEMV18YM94M2Q','Destron Fearing'),
	 ('01JP6NHE79W14JXZ6K69JN1HX2','AVID'),
	 ('01JP6NHE7A2M8AAWM6JKY5605J','LifeChip'),
	 ('01JP6NHE7A7ZYMKWNKDVTK2NP0','Datamars'),
	 ('01JP6NHE7B0Y62YF9CC8RX3XRK','PetGuardian Chips'),
	 ('01JP6NHE7BH4W6ZA78XXBFZXE8','PawID Technologies'),
	 ('01JP6NHE7BVR8TZCK8V3J798ND','PawID Technologies'),
	 ('01JP6NHE7C1Y0MGFV9C69MCW2Z','Trovan'),
	 ('01JP6NHE7CAS92771WW8CPPWRM','PetGuardian Chips'),
	 ('01JP6NHE7CFMKBHZ8TE7CY59Y7','Banfield TruPaws'),
	 ('01JP6NHE7D93XGVJ844BRK80J6','BarkCode Solutions'),
	 ('01JP6NHE7DRTFSKASGX8A3ZF6P','HomeAgain'),
	 ('01JP6NHE7EWMH0P1N86C11C0F2','FurryTag Systems'),
	 ('01JP6NHE7F6R3TXKZDF8KWRPBN','PawTech Microchips'),
	 ('01JP6NHE7FYTT2Q3D50P52MMJA','FurTrack Microchips'),
	 ('01JP6NHE7G34EG1J53471201GY','PetSafe Chips'),
	 ('01JP6NHE7GKSFE5CTNBEYEBY8Z','Datamars'),
	 ('01JP6NHE7HT6AEMCXJYT17V0YY','FurSecure ID'),
	 ('01JP6NHE7HXNW7HHT9WZNB88H9','Trovan'),
	 ('01JP6NHE7J29MX82SM0FP30AYK','HomeAgain'),
	 ('01JP6NHE7JC7NXF3XYB4FJCTJ0','FurryTag Systems'),
	 ('01JP6NHE7JNG6JAPW8YGMD6XFP','Banfield TruPaws'),
	 ('01JP6NHE7K2HDMNW00JQE8QTNK','Datamars'),
	 ('01JP6NHE7K47Y7CA0N586EWPDY','FurTrack Microchips'),
	 ('01JP6NHE7KFY0K490C9PVQJJ8G','PawTech Microchips'),
	 ('01JP6NHE7KQRJFK71GGDEEDGN5','Trovan'),
	 ('01JP6NHE7M3FJJDVREX110KAY4','Datamars'),
	 ('01JP6NHE7MB5AV17SNNSRW0FEW','FurSecure ID'),
	 ('01JP6NHE7MCE3R560S70EBRZ2F','Datamars'),
	 ('01JP6NHE7MJWVRBYQNJJ2NJ0SA','BarkCode Solutions'),
	 ('01JP6NHE7N3R6NAAX27JKBH61H','CritterID Systems'),
	 ('01JP6NHE7N8Z2FFP4DCBQ4FBZH','AKC Reunite'),
	 ('01JP6NHE7NHMR8K49XKABEJYHF','FurTrack Microchips'),
	 ('01JP6NHE7NPSDG1JFJNY3PFH8Y','LifeChip'),
	 ('01JP6NHE7P0VYQ39239616Z2CR','Destron Fearing'),
	 ('01JP6NHE7P49JXZ3TVTE8WSV4R','PawPrint ID'),
	 ('01JP6NHE7P4CSX710VJEPJVS8P','Datamars'),
	 ('01JP6NHE7PG3Y3W4RFK96T1DKF','BarkCode Solutions'),
	 ('01JP6NHE7PRKG0S3DCWVCFV417','24PetWatch'),
	 ('01JP6NHE7Q2Z4KSAR0FZKJE1ZZ','HomeAgain'),
	 ('01JP6NHE7QGBSB60T5ZZ2K1QK4','AVID'),
	 ('01JP6NHE7QPR1N9T5PG22P2FQX','PawPrint ID'),
	 ('01JP6NHE7QVZKXMXNCZ2CCFKTZ','FurSecure ID'),
	 ('01JP6NHE7R3KYFHZ6C46QJYNBQ','HomeAgain'),
	 ('01JP6NHE7RDBXBAAW1C3NENSYW','BarkCode Solutions'),
	 ('01JP6NHE7REPREC085HH9RR8F5','PawTech Microchips'),
	 ('01JP6NHE7RKDSD1G7HSFK6CW24','AVID'),
	 ('01JP6NHE7RVGAMDB9ABJ889GXQ','FurSecure ID'),
	 ('01JP6NHE7S9J3BX39XQJRT7B1S','PawID Technologies'),
	 ('01JP6NHE7SF9PX3YA20XZYF538','BarkCode Solutions'),
	 ('01JP6NHE7SNCN4SPGF4NZD0BMY','PawTech Microchips'),
	 ('01JP6NHE7ST0DXCM9320J27R71','PawPrint ID'),
	 ('01JP6NHE7T3RW6KZA9R4JX4KNR','Destron Fearing'),
	 ('01JP6NHE7T4A4X2HJ5WE66XT4S','FurryTag Systems'),
	 ('01JP6NHE7T6NNTMZRWYKMSHPB9','BarkCode Solutions'),
	 ('01JP6NHE7TA8V5725EP528GKNC','PetGuardian Chips'),
	 ('01JP6NHE7VB2PAP1QKT8PYYVP5','BarkCode Solutions'),
	 ('01JP6NHE7VDQNS5HHP72Q9PA71','FurSecure ID'),
	 ('01JP6NHE7VFFRRQWAHA8H87491','AVID'),
	 ('01JP6NHE7VW0WQ87KQK250XVY0','Banfield TruPaws'),
	 ('01JP6NHEE39KH0JH99NHRR90TR','PawID Technologies'),
	 ('01JP6NHEE3QR8CA5SY7D4NVASA','Datamars'),
	 ('01JP6NHEE3Z9HBW7QT319J0JKD','PawPrint ID'),
	 ('01JP6NHEE43J38E7BM3ABR1ZD0','PetLink'),
	 ('01JP6NHEE462SN7DYS5CPPFCJ7','CritterID Systems'),
	 ('01JP6NHEE4RY4TRRS91MM76GG0','Banfield TruPaws'),
	 ('01JP6NHEE4TBXCGHRYZCVR8DEX','PawPrint ID'),
	 ('01JP6NHEE53VKZPR6VJ8EFAH4R','Banfield TruPaws'),
	 ('01JP6NHEE59TEXYQYTP7W99VHZ','HomeAgain'),
	 ('01JP6NHEE5HGK10SSVDFGYNJ5V','CritterID Systems'),
	 ('01JP6NHEE5TZWYA54HH9AH0T18','PawID Technologies'),
	 ('01JP6NHEE61CXEBG1780452ZFM','PawID Technologies'),
	 ('01JP6NHEE6DG2XKQF919ZY77EJ','LifeChip'),
	 ('01JP6NHEE6FZ6S4RWAAQQ31ZBJ','PetGuardian Chips'),
	 ('01JP6NHEE6NH4Z276APX5EMVA9','Trovan'),
	 ('01JP6NHEE7DHA28PVKZ5EJXZ9N','PetLink'),
	 ('01JP6NHEE7ER9TF7F4GA7GXNRV','AKC Reunite'),
	 ('01JP6NHEE7FDQRAS1RJ8DCTEEM','HomeAgain'),
	 ('01JP6NHEE7KW9Q4VWNZDG46E07','BarkCode Solutions'),
	 ('01JP6NHEE8JWZVBMR12H3WSXJZ','FurTrack Microchips'),
	 ('01JP6NHEE8TD5ZME4CMBN6YM41','Destron Fearing'),
	 ('01JP6NHEE8W8MK317MPSQ2A8CS','AKC Reunite'),
	 ('01JP6NHEE8YAZR5VQV87B1Q6C5','LifeChip'),
	 ('01JP6NHEE903DMJRDKSV4QKBN3','Banfield TruPaws'),
	 ('01JP6NHEE9FCXEZFHWY13H6FCR','PetLink'),
	 ('01JP6NHEE9J0TWGCWW853DD80P','BarkCode Solutions'),
	 ('01JP6NHEE9J6G48SVZB6JM7V65','PetGuardian Chips'),
	 ('01JP6NHEEA2HXKM0T8MKAMJ5AH','FurryTag Systems'),
	 ('01JP6NHEEAN295DTEAKHMPNG4C','PawID Technologies'),
	 ('01JP6NHEEAVSQSFWMC97VNMA2W','BarkCode Solutions'),
	 ('01JP6NHEEAX6KV5G0XCRM5T678','24PetWatch'),
	 ('01JP6NHEEB1X243M51W20PYWZZ','PetGuardian Chips'),
	 ('01JP6NHEEBB5GA3BY14MFW79RT','BarkCode Solutions'),
	 ('01JP6NHEEBDBC598FJTPGFX3W4','PetSafe Chips'),
	 ('01JP6NHEEBN5XXK4KTT9FV9YJE','Destron Fearing'),
	 ('01JP6NHEEC7M1X8FYEASAATT1W','HomeAgain'),
	 ('01JP6NHEECQFZS5G58W43N8Q06','LifeChip');

INSERT INTO DogMicrochip (dogID,microchipID) VALUES
	(1,'01JP6NHE60W1301HPV4B9HVD6X'),
	(2,'01JP6NHE4Z799K3M3WM2T3SCMK'),
	(4,'01JP6NHE7VB2PAP1QKT8PYYVP5'),
	(8,'01JP6NHE7PRKG0S3DCWVCFV417'),
	(10,'01JP6NHE6KPCQ6PNEMT9XEXWZ5'),
	(12,'01JP6NHE6MB6BK84MZ70QZB9YR'),
	(15,'01JP6NHE5ZRPN2CPPMCSR0XSN8'),
	(16,'01JP6NHEE903DMJRDKSV4QKBN3'),
	(18,'01JP6NHE7D93XGVJ844BRK80J6'),
	(19,'01JP6NHE50RM3FHNF0818PQNKZ'),
	(24,'01JP6NHE5ANM1SBHF4EJBVQAVS'),
	(25,'01JP6NHE6Y70GA8HHYTB18886X'),
	(26,'01JP6NHE7RKDSD1G7HSFK6CW24'),
	(32,'01JP6NHEE4RY4TRRS91MM76GG0'),
	(36,'01JP6NHE5D1FTVM0HR29PC8K17'),
	(37,'01JP6NHE7M3FJJDVREX110KAY4'),
	(38,'01JP6NHEE7KW9Q4VWNZDG46E07'),
	(41,'01JP6NHE6XN9BV0P544YH6TWC0'),
	(42,'01JP6NHE4XGDKPG8Z08TFVG4HK'),
	(43,'01JP6NHE58A3J3G7AR87WR71HF'),
	(47,'01JP6NHE72E2D6P5VN9QZF1X9H'),
	(53,'01JP6NHE7T6NNTMZRWYKMSHPB9'),
	(58,'01JP6NHE697J0TY4AGB3E4XQCQ'),
	(60,'01JP6NHE7VFFRRQWAHA8H87491'),
	(66,'01JP6NHE64NZ65FEG8BR4G0T5A'),
	(67,'01JP6NHEEBB5GA3BY14MFW79RT'),
	(76,'01JP6NHE52BEVJ80SFX215N8JT'),
	(77,'01JP6NHE56K375PG86DQYM51SM'),
	(82,'01JP6NHEEBN5XXK4KTT9FV9YJE'),
	(83,'01JP6NHE7867KKW6YV9FWBCRN0'),
	(84,'01JP6NHE6VFDP7TVVQCMMJHN53'),
	(86,'01JP6NHE6TFYJXZ367QN3EB1J7'),
	(87,'01JP6NHE63HNBRJN8CKPYJ6WHG'),
	(88,'01JP6NHE599WAC9M119M8BN8FK'),
	(91,'01JP6NHE7SF9PX3YA20XZYF538'),
	(92,'01JP6NHE64M2KE50XJ4A98Z4MP'),
	(93,'01JP6NHEE462SN7DYS5CPPFCJ7'),
	(96,'01JP6NHE564V61HX98NBGYNHQM'),
	(98,'01JP6NHE603XAGBBFA62TG7HKS'),
	(99,'01JP6NHE7GKSFE5CTNBEYEBY8Z'),
	(100,'01JP6NHE626XMQYNRYKGP1D1CS'),
	(34,'01JP6NHE672BE1DSVYE0YTGFW3'),
	(35,'01JP6NHE6AQ6ZKGS53PX5SJVKY'),
	(39,'01JP6NHE6J9KBQ0FN5TP2HG46C'),
	(40,'01JP6NHE6MYYV3VXC362RF8Q29'),
	(44,'01JP6NHE6RSCNB2VHCY0VHSMN7'),
	(45,'01JP6NHE6T3DZPBP6S98AS46S6'),
	(46,'01JP6NHE55CXKVF1CX8EGMN8ZK'),
	(48,'01JP6NHE72HKDJ8ECVEA3RBH75'),
	(50,'01JP6NHE762CJ4Z4MS88PBDFWQ'),
	(51,'01JP6NHE53YKZ6KCRXFH6R6AKH'),
	(55,'01JP6NHE79Q8RHEMV18YM94M2Q'),
	(63,'01JP6NHE7B0Y62YF9CC8RX3XRK'),
	(68,'01JP6NHE4ZGANQHJQ1SN4DVYCE'),
	(73,'01JP6NHE7J29MX82SM0FP30AYK'),
	(75,'01JP6NHE7MB5AV17SNNSRW0FEW'),
	(79,'01JP6NHE7Q2Z4KSAR0FZKJE1ZZ'),
	(49,'01JP6NHE5BEEMK5WYTNG1KK11H'),
	(54,'01JP6NHE5AWE0VP04RE7KQDR3Y'),
	(52,'01JP6NHE6FZC4VVA3VD35GXWJ5'),
	(56,'01JP6NHE6K83PZJ2X8TEBVE0DR'),
	(57,'01JP6NHE5BVJKEZ1S1B8BR535Y'),
	(64,'01JP6NHE6EHJYTTV3DS1P0PS3G'),
	(65,'01JP6NHE68N8NP70FBW2EFM1TY'),
	(78,'01JP6NHE6994Q4AEHZPFAH1GEF'),
	(80,'01JP6NHE6CK8V31DSGGKVAH4JC'),
	(97,'01JP6NHE65A7K9KMJ72AVHHVKF'),
	(101,'01JP6NHE5YPK7N5YHWCYA7SCWP');

INSERT INTO Rejection (email,`date`) VALUES
	 ('btulleth5@oakley.com','2024-03-29'),
	 ('btulleth5@oakley.com','2024-04-22'),
	 ('btulleth5@oakley.com','2024-06-30'),
	 ('btulleth5@oakley.com','2024-07-12'),
	 ('btulleth5@oakley.com','2024-08-16'),
	 ('chamfleet2@bloglines.com','2024-04-18'),
	 ('chamfleet2@bloglines.com','2024-05-12'),
	 ('chamfleet2@bloglines.com','2024-05-27'),
	 ('chamfleet2@bloglines.com','2024-05-30'),
	 ('chamfleet2@bloglines.com','2024-06-28'),
	 ('chamfleet2@bloglines.com','2024-07-16'),
	 ('chamfleet2@bloglines.com','2024-09-23'),
	 ('efyndon9@t.co','2024-03-25'),
	 ('efyndon9@t.co','2024-06-06'),
	 ('efyndon9@t.co','2024-10-03'),
	 ('epescud0@soundcloud.com','2024-03-15'),
	 ('epescud0@soundcloud.com','2024-04-17'),
	 ('fblenkinship3@homestead.com','2024-07-10'),
	 ('fblenkinship3@homestead.com','2024-09-05'),
	 ('fblenkinship3@homestead.com','2024-09-25'),
	 ('fblenkinship3@homestead.com','2024-11-14'),
	 ('harnowicz4@hhs.gov','2024-05-11'),
	 ('harnowicz4@hhs.gov','2024-08-22'),
	 ('harnowicz4@hhs.gov','2024-09-22'),
	 ('harnowicz4@hhs.gov','2024-10-01'),
	 ('harnowicz4@hhs.gov','2024-10-25'),
	 ('jmargetson6@ftc.gov','2024-03-24'),
	 ('jmargetson6@ftc.gov','2024-04-02'),
	 ('jmargetson6@ftc.gov','2024-04-20'),
	 ('jmargetson6@ftc.gov','2024-04-27'),
	 ('jmargetson6@ftc.gov','2024-05-14'),
	 ('jmargetson6@ftc.gov','2024-05-28'),
	 ('jmargetson6@ftc.gov','2024-06-17'),
	 ('jmargetson6@ftc.gov','2024-06-28'),
	 ('lbawles7@ucoz.com','2024-04-05'),
	 ('lbawles7@ucoz.com','2024-05-17'),
	 ('lbawles7@ucoz.com','2024-06-02'),
	 ('lbawles7@ucoz.com','2024-09-10'),
	 ('lbawles7@ucoz.com','2024-10-01'),
	 ('lbawles7@ucoz.com','2024-10-24'),
	 ('pcasiroli1@java.com','2024-03-22'),
	 ('pcasiroli1@java.com','2024-04-08'),
	 ('pcasiroli1@java.com','2024-04-20'),
	 ('pcasiroli1@java.com','2024-07-17'),
	 ('pcasiroli1@java.com','2024-07-27'),
	 ('tdanton8@stumbleupon.com','2024-04-06'),
	 ('tdanton8@stumbleupon.com','2024-05-05'),
	 ('tdanton8@stumbleupon.com','2024-05-26'),
	 ('tdanton8@stumbleupon.com','2024-06-02'),
	 ('tdanton8@stumbleupon.com','2024-07-01');

INSERT INTO Application (email,`date`) VALUES
	 ('btulleth5@oakley.com','2024-03-30'),
	 ('btulleth5@oakley.com','2024-08-08'),
	 ('btulleth5@oakley.com','2024-09-02'),
	 ('btulleth5@oakley.com','2024-09-08'),
	 ('btulleth5@oakley.com','2024-09-11'),
	 ('btulleth5@oakley.com','2024-09-13'),
	 ('btulleth5@oakley.com','2024-11-09'),
	 ('chamfleet2@bloglines.com','2024-05-05'),
	 ('chamfleet2@bloglines.com','2024-09-15'),
	 ('chamfleet2@bloglines.com','2024-10-09'),
	 ('chamfleet2@bloglines.com','2024-10-31'),
	 ('chamfleet2@bloglines.com','2024-11-10'),
	 ('chamfleet2@bloglines.com','2024-11-21'),
	 ('chamfleet2@bloglines.com','2024-12-02'),
	 ('chamfleet2@bloglines.com','2024-12-18'),
	 ('chamfleet2@bloglines.com','2024-12-21'),
	 ('efyndon9@t.co','2024-01-31'),
	 ('efyndon9@t.co','2024-04-27'),
	 ('efyndon9@t.co','2024-11-21'),
	 ('efyndon9@t.co','2024-12-29'),
	 ('efyndon9@t.co','2025-02-17'),
	 ('epescud0@soundcloud.com','2024-01-29'),
	 ('epescud0@soundcloud.com','2025-02-07'),
	 ('epescud0@soundcloud.com','2025-03-01'),
	 ('epescud0@soundcloud.com','2024-07-15'),
	 ('fblenkinship3@homestead.com','2024-06-09'),
	 ('fblenkinship3@homestead.com','2024-09-12'),
	 ('fblenkinship3@homestead.com','2024-11-15'),
	 ('fblenkinship3@homestead.com','2024-11-27'),
	 ('fblenkinship3@homestead.com','2025-01-10'),
	 ('fblenkinship3@homestead.com','2025-01-15'),
	 ('fblenkinship3@homestead.com','2025-01-20'),
	 ('harnowicz4@hhs.gov','2024-02-29'),
	 ('harnowicz4@hhs.gov','2024-04-05'),
	 ('harnowicz4@hhs.gov','2024-06-30'),
	 ('harnowicz4@hhs.gov','2024-08-05'),
	 ('harnowicz4@hhs.gov','2024-10-30'),
	 ('harnowicz4@hhs.gov','2024-12-05'),
	 ('harnowicz4@hhs.gov','2025-01-31'),
	 ('harnowicz4@hhs.gov','2025-02-01'),
	 ('jmargetson6@ftc.gov','2024-03-04'),
	 ('jmargetson6@ftc.gov','2024-05-08'),
	 ('jmargetson6@ftc.gov','2024-07-04'),
	 ('jmargetson6@ftc.gov','2024-09-08'),
	 ('jmargetson6@ftc.gov','2024-11-08'),
	 ('jmargetson6@ftc.gov','2024-12-26'),
	 ('jmargetson6@ftc.gov','2025-02-02'),
	 ('jmargetson6@ftc.gov','2025-02-17'),
	 ('lbawles7@ucoz.com','2024-07-20'),
	 ('lbawles7@ucoz.com','2024-09-22'),
	 ('lbawles7@ucoz.com','2024-11-20'),
	 ('lbawles7@ucoz.com','2024-11-22'),
	 ('lbawles7@ucoz.com','2024-12-23'),
	 ('lbawles7@ucoz.com','2025-02-12'),
	 ('lbawles7@ucoz.com','2025-02-23'),
	 ('pcasiroli1@java.com','2024-03-16'),
	 ('pcasiroli1@java.com','2024-08-18'),
	 ('pcasiroli1@java.com','2024-09-16'),
	 ('pcasiroli1@java.com','2024-11-18'),
	 ('pcasiroli1@java.com','2024-12-12'),
	 ('pcasiroli1@java.com','2024-12-24'),
	 ('pcasiroli1@java.com','2025-02-06'),
	 ('tdanton8@stumbleupon.com','2024-01-29'),
	 ('tdanton8@stumbleupon.com','2024-03-06'),
	 ('tdanton8@stumbleupon.com','2025-05-01'),
	 ('tdanton8@stumbleupon.com','2024-07-29'),
	 ('tdanton8@stumbleupon.com','2024-12-06'),
	 ('tdanton8@stumbleupon.com','2025-01-01'),
	 ('tdanton8@stumbleupon.com','2025-01-23'),
	 ('tdanton8@stumbleupon.com','2025-03-08'),
	 ('vruddin0@cam.ac.uK', '2024-01-01'),
	 ('vruddin0@cam.ac.uK', '2024-02-15'),
	 ('vruddin0@cam.ac.uK', '2024-07-13'),
 	 ('ljarrett1@sakura.ne.jP', '2024-05-11'),
	 ('ljarrett1@sakura.ne.jP', '2024-07-12'),
	 ('ljarrett1@sakura.ne.jP', '2024-09-23'),
	 ('ljarrett1@sakura.ne.jP', '2024-11-01'),
	 ('boventon2@nps.goV', '2024-01-31'),
	 ('boventon2@nps.goV', '2024-04-14'),
	 ('aclaypole3@berkeley.edU', '2024-08-03'),
	 ('mconeley4@google.cN', '2024-09-09'),
	 ('mconeley4@google.cN', '2024-11-01'),
	 ('mconeley4@google.cN', '2024-12-29'),
	 ('ltruss5@merriam-webster.coM', '2024-01-17'),
	 ('ltruss5@merriam-webster.coM', '2024-05-21'),
	 ('ltruss5@merriam-webster.coM', '2024-09-19'),
	 ('ltruss5@merriam-webster.coM', '2024-12-01'),
	 ('ldarter6@kickstarter.coM', '2024-03-01'),
	 ('ldarter6@kickstarter.coM', '2024-07-01'),
	 ('djeandot7@elpais.coM', '2024-02-11'),
	 ('djeandot7@elpais.coM', '2024-05-05'),
	 ('dhazael8@walmart.coM', '2024-03-01'),
	 ('eedgerly9@washingtonpost.coM', '2024-07-01'),
	 ('eedgerly9@washingtonpost.coM', '2024-09-21');

INSERT INTO Adoption (email,`date`,fee,is_fee_waived,decision_date,dogID) VALUES
	 ('btulleth5@oakley.com','2024-11-02',4347.50,0,'2024-11-09',2),
	 ('btulleth5@oakley.com','2024-10-08',87.20,0,'2024-12-31',1),
	 ('btulleth5@oakley.com','2025-01-11',132.50,0,'2025-01-31',4),
	 ('chamfleet2@bloglines.com','2024-12-10',3202.50,0,'2025-01-24',8),
	 ('chamfleet2@bloglines.com','2024-12-22',5970.00,0,'2025-03-13',10),
	 ('chamfleet2@bloglines.com','2024-12-31',197.20,0,'2025-01-23',12),
	 ('efyndon9@t.co','2024-12-01',1945.00,0,'2024-12-12',15),
	 ('epescud0@soundcloud.com','2024-12-31',1146.25,0,'2025-02-13',16),
	 ('epescud0@soundcloud.com','2025-03-09',166.60,0,'2025-03-29',18),
	 ('fblenkinship3@homestead.com','2025-01-15',698.75,0,'2025-01-19',19),
	 ('harnowicz4@hhs.gov','2024-12-30',56.25,0,'2025-02-01',26),
	 ('harnowicz4@hhs.gov','2025-01-05',2062.50,0,'2025-02-15',25),
	 ('harnowicz4@hhs.gov','2025-02-05',1188.75,0,'2025-02-28',24),
	 ('jmargetson6@ftc.gov','2025-02-28',620.00,0,'2025-03-09',32),
	 ('lbawles7@ucoz.com','2024-12-01',2567.50,0,'2024-12-24',38),
	 ('lbawles7@ucoz.com','2024-12-22',2517.50,0,'2025-01-11',37),
	 ('lbawles7@ucoz.com','2025-02-23',851.25,0,'2025-03-25',36),
	 ('pcasiroli1@java.com','2025-01-12',80.60,0,'2025-03-09',41),
	 ('pcasiroli1@java.com','2024-12-29',2355.00,0,'2024-12-31',42),
	 ('pcasiroli1@java.com','2025-02-14',236.25,0,'2025-03-13',43),
	 ('tdanton8@stumbleupon.com','2025-01-30',1315.00,0,'2025-02-15',47),
	 ('tdanton8@stumbleupon.com','2024-03-01',0.00,0,'2024-03-05',100),
	 ('pcasiroli1@java.com','2024-09-16',115.4000,0,'2024-10-23',58),
	 ('chamfleet2@bloglines.com','2024-10-09',5140.0000,0,'2025-01-20',60),
	 ('jmargetson6@ftc.gov','2024-12-26',346.0000,0,'2025-01-22',77),
	 ('pcasiroli1@java.com','2024-12-24',346.0000,0,'2025-01-22',82),
	 ('pcasiroli1@java.com','2024-11-18',168.7500,0,'2024-09-23',83),
	 ('tdanton8@stumbleupon.com','2025-03-08',168.7500,0,'2024-09-23',92),
	 ('epescud0@soundcloud.com','2025-03-01',0.0000,0,'2025-01-03',96),
	 ('chamfleet2@bloglines.com','2024-12-02',0.0000,0,'2024-11-11',98),
	 ('chamfleet2@bloglines.com','2024-11-10',1237.5000,0,'2024-08-11',66),
	 ('chamfleet2@bloglines.com','2024-11-21',5140.0000,0,'2025-01-23',86),
	 ('jmargetson6@ftc.gov','2024-09-08',1587.5000,0,'2024-11-29',87),
	 ('lbawles7@ucoz.com','2024-12-23',1587.5000,0,'2024-11-29',88),
	 ('chamfleet2@bloglines.com','2024-12-21',0.0000,0,'2025-03-13',91),
	 ('harnowicz4@hhs.gov','2025-02-01',0.0000,0,'2024-06-11',99),
	 ('btulleth5@oakley.com','2024-09-02',437.5000,0,'2024-05-16',53),
	 ('btulleth5@oakley.com','2024-09-08',437.5000,0,'2024-05-16',3),
	 ('chamfleet2@bloglines.com','2024-10-31',437.5000,0,'2024-05-16',5),
	 ('chamfleet2@bloglines.com','2024-12-18',437.5000,0,'2024-05-16',6),
	 ('efyndon9@t.co','2024-11-21',437.5000,0,'2024-05-16',7),
	 ('efyndon9@t.co','2024-12-29',437.5000,0,'2024-05-16',9),
	 ('efyndon9@t.co','2025-02-17',437.5000,0,'2024-05-16',11),
	 ('epescud0@soundcloud.com','2025-02-07',437.5000,0,'2024-05-16',13),
	 ('fblenkinship3@homestead.com','2024-11-15',437.5000,0,'2024-05-16',14),
	 ('harnowicz4@hhs.gov','2024-10-30',437.5000,0,'2024-05-16',17),
	 ('harnowicz4@hhs.gov','2024-12-05',437.5000,0,'2024-05-16',20),
	 ('harnowicz4@hhs.gov','2025-01-31',437.5000,0,'2024-05-16',21),
	 ('jmargetson6@ftc.gov','2024-07-04',437.5000,0,'2024-05-16',22),
	 ('jmargetson6@ftc.gov','2024-11-08',437.5000,0,'2024-05-16',23),
	 ('jmargetson6@ftc.gov','2025-02-02',437.5000,0,'2024-05-16',27),
	 ('jmargetson6@ftc.gov','2025-02-17',437.5000,0,'2024-05-16',28),
	 ('lbawles7@ucoz.com','2024-11-20',437.5000,0,'2024-05-16',29),
	 ('lbawles7@ucoz.com','2024-11-22',437.5000,0,'2024-05-16',30),
	 ('pcasiroli1@java.com','2024-12-12',437.5000,0,'2024-05-16',31),
	 ('tdanton8@stumbleupon.com','2024-07-29',437.5000,0,'2024-05-16',33),
 	 ('tdanton8@stumbleupon.com','2025-01-23',5140.0000,0,'2025-01-21',67),
 	 ('btulleth5@oakley.com','2024-09-11',1587.5000,0,'2024-11-27',76),
 	 ('btulleth5@oakley.com','2024-11-09',1587.5000,0,'2024-11-27',84),
	 ('fblenkinship3@homestead.com','2024-11-27',1587.5000,0,'2024-11-27',93),
	 ('tdanton8@stumbleupon.com', '2024-01-29', 695.0000, 0, '2024-12-13', 49),
	 ('pcasiroli1@java.com', '2024-03-16', 1201.2500, 0, '2025-02-27', 50),
	 ('btulleth5@oakley.com', '2024-03-30', 0.0000, 0, '2024-10-27', 54),
	 ('fblenkinship3@homestead.com', '2024-06-09', 2181.2500, 0, '2024-12-12', 57),
	 ('chamfleet2@bloglines.com', '2024-05-05', 103.7500, 0, '2024-08-12', 73),
	 ('tdanton8@stumbleupon.com', '2024-03-06', 130.4000, 0, '2024-07-26', 34),
	 ('chamfleet2@bloglines.com', '2024-09-15', 685.0000, 0, '2024-10-10', 35),
	 ('lbawles7@ucoz.com', '2024-07-20', 119.6000, 0, '2024-09-30', 39),
	 ('harnowicz4@hhs.gov', '2024-02-29', 1096.2500, 0, '2024-10-08', 40),
	 ('fblenkinship3@homestead.com', '2024-09-12', 1292.5000, 0, '2024-07-14', 44),
     ('pcasiroli1@java.com', '2024-08-18', 1070.0000, 0, '2024-12-23', 45),
	 ('jmargetson6@ftc.gov', '2024-03-04', 2067.5000, 0, '2025-02-26', 46),
	 ('epescud0@soundcloud.com', '2024-01-29', 2957.5000, 0, '2024-11-24', 48),
	 ('tdanton8@stumbleupon.com', '2024-12-06', 886.2500, 0, '2024-10-08', 51),
	 ('jmargetson6@ftc.gov', '2024-05-08', 2391.2500, 0, '2025-02-02', 55),
     ('pcasiroli1@java.com', '2025-02-06', 2095.0000, 0, '2025-03-11', 63),
	 ('fblenkinship3@homestead.com', '2025-01-10', 1166.2500, 0, '2024-04-23', 68),
	 ('efyndon9@t.co', '2024-01-31', 2752.5000, 0, '2025-02-06', 75),
	 ('lbawles7@ucoz.com', '2024-09-22', 245.0000, 0, '2024-12-26', 79),
     ('tdanton8@stumbleupon.com', '2025-01-01', 792.5000, 0, '2025-02-22', 59),
     ('lbawles7@ucoz.com', '2025-02-12', 0.0000, 0, '2024-07-01', 61),
	 ('btulleth5@oakley.com', '2024-08-08', 1217.5000, 0, '2024-03-26', 62),
	 ('efyndon9@t.co', '2024-04-27', 81.7000, 0, '2024-05-07', 69),
	 ('harnowicz4@hhs.gov', '2024-04-05', 593.7500, 0, '2024-07-12', 70),
	 ('epescud0@soundcloud.com', '2024-07-15', 713.7500, 0, '2025-01-31', 71),
	 ('fblenkinship3@homestead.com', '2025-01-20', 1313.7500, 0, '2024-11-04', 72),
	 ('aclaypole3@berkeley.Edu', '2024-08-03', 1602.5000, 0, '2024-10-15', 52),
     ('boventon2@nps.Gov', '2024-01-31', 1211.2500, 0, '2025-01-19', 56),
	 ('btulleth5@oakley.com', '2024-09-13', 5.5000, 0, '2024-09-05', 64),
     ('dhazael8@walmart.Com', '2024-03-01', 1943.7500, 0, '2025-01-05', 65),
     ('djeandot7@elpais.Com', '2024-02-11', 0.0000, 0, '2024-11-06', 78);

DELETE a FROM Application a JOIN Adoption p ON p.email = a.email AND p.date = a.date;
